-- phpMyAdmin SQL Dump
-- version 3.2.3
-- http://www.phpmyadmin.net
--
-- 主机: 127.0.0.1
-- 生成日期: 2010 年 07 月 16 日 09:25
-- 服务器版本: 5.0.89
-- PHP 版本: 5.2.13

SET SQL_MODE="NO_AUTO_VALUE_ON_ZERO";

--
-- 数据库: `dev_php168`
--

-- --------------------------------------------------------

--
-- 表的结构 `p8_ad`
--

CREATE TABLE IF NOT EXISTS `p8_ad` (
  `id` mediumint(7) NOT NULL auto_increment,
  `keywords` varchar(50) NOT NULL default '',
  `name` varchar(100) NOT NULL default '',
  `type` varchar(30) NOT NULL default '0',
  `isclose` tinyint(1) NOT NULL default '0',
  `begintime` int(10) NOT NULL default '0',
  `endtime` int(10) NOT NULL default '0',
  `adcode` text NOT NULL,
  `posttime` int(10) NOT NULL default '0',
  `list` int(10) NOT NULL default '0',
  `uid` mediumint(7) NOT NULL default '0',
  `hits` mediumint(7) NOT NULL default '0',
  `money` mediumint(6) NOT NULL default '0',
  `moneycard` mediumint(6) NOT NULL default '0',
  `ifsale` tinyint(1) NOT NULL default '0',
  `autoyz` tinyint(1) NOT NULL default '0',
  `demourl` varchar(150) NOT NULL default '',
  PRIMARY KEY  (`id`)
) ENGINE=MyISAM  DEFAULT CHARSET=utf8 AUTO_INCREMENT=22 ;

--
-- 转存表中的数据 `p8_ad`
--

INSERT INTO `p8_ad` (`id`, `keywords`, `name`, `type`, `isclose`, `begintime`, `endtime`, `adcode`, `posttime`, `list`, `uid`, `hits`, `money`, `moneycard`, `ifsale`, `autoyz`, `demourl`) VALUES
(1, 'article_list', '文章列表页侧面广告', 'code', 0, 0, 0, 'a:5:{s:4:"word";s:0:"";s:6:"picurl";s:0:"";s:7:"linkurl";s:0:"";s:8:"flashurl";s:0:"";s:4:"code";s:862:"<div style="LINE-HEIGHT: 150%"><a href="http://www.jdu.cc/" target=_blank>九度信息,商务信息发布平台!</a><br /><a href="http://www.dxcz.cn/download/" target=_blank>苏科版数学资源 </a><br /><a href="http://www.cucoclub.cn/" target=_blank>酷库网</a>&nbsp;<br /><a href="http://www.wfseo.org/" target=_blank>重庆网站优化</a> <br /><a href="http://www.0354e.com/" target=_blank><font color=#ff0000>晋中e时代</font> </a>&nbsp; <a href="http://chuangtoucn.com/" target=_blank>龙城创投网</a><br /><a href="http://www.nj89.com/" target=_blank>美食园</a><br /><a href="http://www.dooyes.com/" target=_blank>DooYeS 度易</a><br /><a href="http://www.ncshh.com/" target=_blank>南充生活网-基于PHP168构建</a> <br /><a href="http://www.tz0632.com/" target=_blank>滕州城市网</a>　<br /><a href="http://www.doubar.com/" target=_blank>豆吧</a><br /><a href="http://3cq.org/" target=_blank>重庆幼儿教育 一切为了我们的孩子</a></div>";}', 0, 0, 0, 0, 0, 5, 0, 1, '../do/job.php?job=jump&pagetype=list'),
(10, 'article_content', '文章内容里边的广告', 'pic', 1, 0, 0, 'a:8:{s:4:"word";s:0:"";s:6:"picurl";s:32:"other/1_20090326120324_mnfIi.jpg";s:7:"linkurl";s:22:"http://www.php168.com/";s:8:"flashurl";s:0:"";s:4:"code";s:0:"";s:5:"width";s:3:"400";s:6:"height";s:3:"400";s:9:"pictarget";s:5:"blank";}', 0, 0, 0, 0, 0, 5, 1, 1, '../do/job.php?job=jump&pagetype=bencandy'),
(2, 'article_show', '文章内容页侧边下方广告', 'code', 0, 0, 0, 'a:5:{s:4:"word";s:0:"";s:6:"picurl";s:0:"";s:7:"linkurl";s:0:"";s:8:"flashurl";s:0:"";s:4:"code";s:1782:"<div style="LINE-HEIGHT: 150%"><a href="http://www.zxx6.com/" target=_blank><font color=#ff0000><strong>站长学习网</strong></font></a> 　　<a href="http://www.angelyyl.cn/" target=_blank>冰蓝世界</a><a href="http://www.czin.cn/" target=_blank><br />崇左热线—崇左人的网上家园</a> <br /><a href="http://www.sy50.com/" target=_blank>邵阳网邻 了解邵阳 商务邵阳</a> <br /><a href="http://www.771881.cn/" target=_blank>亲亲你抱抱你-国际女同拉拉网-败家女网站 </a><br /><a href="http://www.aihut.com/" target=_blank>情感小筑原创情感文章网 </a><br /><a href="http://www.popyule.com/" target=_blank>泡泡娱乐网--娱乐综合站PHP168构建</a> <br /><a href="http://www.china551.cn/" target=_blank><font color=#ff0000>高中物理网</font></a> 　　<a href="http://www.ym988.com/" target=_blank>圆梦模板工作室 </a><br /><a href="http://www.welights.com/" target=_blank>国际灯具网</a> 　　<a href="http://www.hnmssy.cn/" target=_blank>湖南民俗摄影网</a> <br /><a href="http://www.nuoyue.net/" target=_blank><font color=#ff0000>诺跃站长社区 - 站长、菜鸟学习的好地方</font></a> <br /><a href="http://www.qzfl.com/" target=_blank>泉州分类 连接泉州信息，服务百姓生活</a> <br /><a href="http://www.stmsn.com/" target=_blank>中国内衣联盟</a> 　　<a href="http://www.downcc.cn/" target=_blank>大当家软件站 </a><br /><a href="http://www.yt12333.cn/" target=_blank>劳动社保之家-盐亭劳动保障网</a> <br /><a href="http://www.gooyi.cn/" target=_blank>广易网 - 广州最大门户网 </a><br /><a href="http://www.idercn.com/" target=_blank>I.D.部落</a> 　　<a href="http://www.tz0632.com/" target=_blank>滕州城市网</a> 　　<a href="http://www.doubar.com/" target=_blank>豆吧 </a></div>\r\n<div style="LINE-HEIGHT: 150%"><a href="http://www.wfseo.org/" target=_blank><font color=#d2691e>重庆网站优化</font><br /></a><br /></div>";}', 0, 0, 0, 0, 0, 5, 0, 1, '../do/job.php?job=jump&pagetype=bencandy'),
(11, 'digg_list', '顶客排行榜侧边广告', 'code', 0, 0, 0, 'a:5:{s:4:"word";s:0:"";s:6:"picurl";s:0:"";s:7:"linkurl";s:0:"";s:8:"flashurl";s:0:"";s:4:"code";s:813:"<div style="LINE-HEIGHT: 200%"><a href="http://www.ibioo.com/" target=_blank><font color=#ff0000>绿谷生物网--打造最具活力生物站!</font> </a><br /><a href="http://www.51solo.net/" target=_blank>搜罗娱乐门户－精彩娱乐生活从我开始 </a><br /><a href="http://1.com/45/admin/www.china-highway.com" target=_blank>方向和路线尽在中国高速公路网 </a><br /><a href="http://www.nenbei.com/" target=_blank><font color=#ff0000>嫩北聚合娱乐网欢迎您的到来 </font></a><br /><a href="http://www.liuv.net/" target=_blank><font color=#ff0000>流水设计</font></a> <br /><a href="http://www.fming.net/" target=_blank>蜂鸣原创 文学与摄影的创作平台 </a><br /><a href="http://www.netchinatown.com/" target=_blank>时尚唐城-海外华人精英的网络家园 </a><br /><a href="http://frp.ok586.cn/" target=_blank>上海玻璃钢冷却塔专业生产厂家. </a></div>";}', 0, 0, 0, 0, 0, 5, 0, 1, '../do/digg.php'),
(19, 'list_page_topad', '列表页侧边顶部广告位', 'pic', 0, 0, 0, 'a:8:{s:4:"word";s:0:"";s:6:"picurl";s:13:"ad/listad.jpg";s:7:"linkurl";s:22:"http://www.yeepay.com/";s:8:"flashurl";s:0:"";s:4:"code";s:0:"";s:5:"width";s:3:"290";s:6:"height";s:3:"130";s:9:"pictarget";s:5:"blank";}', 0, 0, 0, 2, 0, 10, 1, 1, '../do/job.php?job=jump&pagetype=list'),
(18, 'show_topad', '内容页顶部横幅广告', 'pic', 0, 0, 0, 'a:8:{s:4:"word";s:0:"";s:6:"picurl";s:18:"ad/ad_show_top.jpg";s:7:"linkurl";s:22:"http://www.yeepay.com/";s:8:"flashurl";s:0:"";s:4:"code";s:0:"";s:5:"width";s:3:"990";s:6:"height";s:2:"60";s:9:"pictarget";s:5:"blank";}', 0, 0, 0, 0, 0, 10, 1, 1, '../do/job.php?job=jump&pagetype=bencandy'),
(17, 'show_right_top_picad', '内容页侧边顶部图片广告位', 'pic', 0, 0, 0, 'a:8:{s:4:"word";s:0:"";s:6:"picurl";s:15:"ad/qyshowad.jpg";s:7:"linkurl";s:43:"http://www.qy.com.cn/idc/product_double.asp";s:8:"flashurl";s:0:"";s:4:"code";s:0:"";s:5:"width";s:3:"290";s:6:"height";s:3:"110";s:9:"pictarget";s:5:"blank";}', 0, 0, 0, 29, 0, 10, 1, 1, '../do/job.php?job=jump&pagetype=bencandy'),
(20, 'AD_list_topad', '列表页顶部横幅广告', 'pic', 0, 0, 0, 'a:8:{s:4:"word";s:0:"";s:6:"picurl";s:14:"ad/cnidca1.gif";s:7:"linkurl";s:21:"http://www.cnidc.com/";s:8:"flashurl";s:0:"";s:4:"code";s:0:"";s:5:"width";s:3:"990";s:6:"height";s:2:"60";s:9:"pictarget";s:5:"blank";}', 0, 0, 0, 2, 0, 10, 1, 1, '../do/list.php?fid=1'),
(21, 'sp_show_ad', '专题页广告位', 'code', 0, 0, 0, 'a:5:{s:4:"word";s:0:"";s:6:"picurl";s:0:"";s:7:"linkurl";s:0:"";s:8:"flashurl";s:0:"";s:4:"code";s:943:"<div style="LINE-HEIGHT: 150%"><a href="http://3cq.org/" target=_blank>重庆幼儿教育 一切为了我们的孩子</a> <br /><a href="http://www.liuv.net/" target=_blank>流水设计</a> <br /><a href="http://www.21yao.com/" target=_blank>世纪医药网</a><br /><a href="http://www.fming.net/" target=_blank>蜂鸣原创</a> <br /><a href="http://www.jnrx.net/" target=_blank>胶南热线</a> <br /><a href="http://www.7mt.cn/" target=_blank>骑摩托-中国第一摩托车互动媒体 </a><br /><a href="http://www.hnpolice.net/" target=_blank>湖南公安高等专科学校校友会 </a><br /><a href="http://www.seo178.com/" target=_blank>SEO培训选择--北京SEO培训中心</a> <br /><a href="http://www.51solo.net/" target=_blank>品牌推广,SEO网站优化 </a><br /><a href="http://www.kljy.cn/" target=_blank>致力于儿童教育 </a><br /><a href="http://www.eia8.com/job/" target=_blank>中国环评吧招聘求职网</a> <br /><a href="http://www.wenzhang8.com/" target=_blank>文章吧 打造最好经典文章网 </a>　 </div>";}', 0, 0, 0, 0, 0, 0, 0, 1, '../do/showsp.php?fid=1&id=23');

-- --------------------------------------------------------

--
-- 表的结构 `p8_admin_menu`
--

CREATE TABLE IF NOT EXISTS `p8_admin_menu` (
  `id` mediumint(5) NOT NULL auto_increment,
  `fid` mediumint(5) NOT NULL default '0',
  `name` text NOT NULL,
  `linkurl` varchar(150) NOT NULL default '',
  `color` varchar(15) NOT NULL default '',
  `target` tinyint(1) NOT NULL default '0',
  `list` smallint(4) NOT NULL default '0',
  `groupid` mediumint(5) NOT NULL default '0',
  `iftier` tinyint(1) NOT NULL default '0',
  PRIMARY KEY  (`id`)
) ENGINE=MyISAM  DEFAULT CHARSET=utf8 AUTO_INCREMENT=102 ;

--
-- 转存表中的数据 `p8_admin_menu`
--

INSERT INTO `p8_admin_menu` (`id`, `fid`, `name`, `linkurl`, `color`, `target`, `list`, `groupid`, `iftier`) VALUES
(12, 0, '内容管理', '', '', 0, 8, 3, 0),
(81, 12, '表单管理', 'index.php?lfj=form_module&job=list', '', 0, 11, 3, 0),
(82, 12, '留言本管理', 'index.php?lfj=guestbook&job=list', '', 0, 10, 3, 1),
(83, 0, '标签/风格模板/静态页', '', '', 0, 9, 3, 0),
(84, 83, '</a>\r\n<font color="#FF0000">主页</font><img src=../images/default/article_elite.gif> <a href="../index.php?&ch=1&chtype=0&jobs=show" target="main">标签</a> <A HREF=''../index.php?&ch=1&MakeIndex=1'' target=''_blank'' onclick="return confirm(''你确实要把首页生成静态吗?生成静态后,如有更改其它相关设置,需要重新点击生成一次静态.才可以看到效果.'');">静态</a> <a href="index.php?lfj=channel&job=list_fid&onlyshow=style" target="main">风格</a><a> ', '#', '', 0, 4, 3, 0),
(85, 83, '</a>\r\n<a href=''index.php?lfj=channel&job=list_fid&onlyshow=label'' target=''main''><font color="#FF0000"><u>栏目</u></font></a><img src=../images/default/article_elite.gif> <a href="../do/job.php?job=jump&pagetype=list_label" target="main">标签</a> <A HREF=''index.php?lfj=html&job=list'' target="main">静态</a> <a href="index.php?lfj=channel&job=list_fid&onlyshow=style" target="main">风格</a><a> ', '#', '', 0, 3, 3, 0),
(86, 83, '</a>\r\n<font color="#FF0000">专题</font><img src=../images/default/article_elite.gif> <a href="index.php?lfj=special&job=list&onlyshow=label" target="main">标签</a> <A HREF=''index.php?lfj=html&job=listsp'' target="main">静态</a> <a href="index.php?lfj=special&job=list&onlyshow=style" target="main">风格</a><a> ', '#', '', 0, 1, 3, 0),
(87, 0, '会员相关功能', '', '', 0, 7, 3, 0),
(88, 87, '会员资料管理', 'index.php?lfj=member&job=list', '', 0, 0, 3, 0),
(89, 87, '文章相关权限', 'index.php?lfj=article_group&job=list', '', 0, 0, 3, 0),
(90, 87, '基本权限', 'index.php?lfj=group&job=list', '', 0, 0, 3, 1),
(91, 87, '管理员后台权限设置', 'index.php?lfj=group&job=list_admin', '', 0, 0, 3, 0),
(41, 0, '实用功能', '', '', 0, 0, -8, 0),
(42, 41, '财富中心(积分管理)', 'money.php?job=list', '', 0, 0, -8, 0),
(43, 41, '购买普通广告', 'buyad.php?job=list', '', 0, 0, -8, 0),
(44, 41, '购买竞价广告', 'buy_sellad.php?job=list', '', 0, 0, -8, 0),
(45, 41, '购买会员等级', 'buygroup.php?job=list', '', 0, 0, -8, 0),
(46, 41, '企业信息', 'company.php?job=edit', '', 0, 0, -8, 0),
(47, 0, '网站其它内容管理', '', '', 0, 0, -8, 0),
(48, 47, '收藏夹管理', 'collection.php?job=myarticle', '', 0, 0, -8, 0),
(49, 47, '专题管理', 'special.php?job=listsp', '', 0, 0, -8, 0),
(50, 47, '评论管理', 'comment.php?job=list', '', 0, 0, -8, 0),
(51, 0, '文章频道', '', '', 0, 0, -8, 0),
(52, 51, '发表文章', 'post.php?job=postnew&only=1&mid=0', '', 0, 0, -8, 0),
(53, 51, '修改/删除文章', 'myarticle.php?job=myarticle&only=1&mid=0', '', 0, 0, -8, 0),
(54, 0, '图片频道', '', '', 0, 0, -8, 0),
(55, 54, '发布图片', 'post.php?job=postnew&only=1&mid=100', '', 0, 0, -8, 0),
(56, 54, '修改/删除图片', 'myarticle.php?job=myarticle&only=1&mid=100', '', 0, 0, -8, 0),
(57, 0, '下载频道', '', '', 0, 0, -8, 0),
(58, 0, '视频频道', '', '', 0, 0, -8, 0),
(59, 0, '商城频道', '', '', 0, 0, -8, 0),
(60, 0, 'FLASH频道', '', '', 0, 0, -8, 0),
(61, 57, '发布软件', 'post.php?job=postnew&only=1&mid=101', '', 0, 0, -8, 0),
(62, 58, '发布视频', 'post.php?job=postnew&only=1&mid=102', '', 0, 0, -8, 0),
(63, 59, '发布商品', 'post.php?job=postnew&only=1&mid=103', '', 0, 0, -8, 0),
(64, 60, '发布FLASH', 'post.php?job=postnew&only=1&mid=104', '', 0, 0, -8, 0),
(65, 57, '修改/删除软件', 'myarticle.php?job=myarticle&only=1&mid=101', '', 0, 0, -8, 0),
(66, 58, '修改/删除视频', 'myarticle.php?job=myarticle&only=1&mid=102', '', 0, 0, -8, 0),
(67, 59, '修改/删除商品', 'myarticle.php?job=myarticle&only=1&mid=103', '', 0, 0, -8, 0),
(68, 60, '修改/删除FLASH', 'myarticle.php?job=myarticle&only=1&mid=104', '', 0, 0, -8, 0),
(69, 41, '身份验证', 'yz.php?job=email', '', 0, 0, -8, 0),
(70, 41, '推广赚积分', 'propagandize.php', '', 0, 0, -8, 0),
(71, 41, '版主申请', 'form.php?mid=1', '', 0, 0, -8, 0),
(72, 41, '投诉建议', 'form.php?mid=3', '', 0, 0, -8, 0),
(73, 12, '专题管理', 'index.php?lfj=special&job=list', '', 0, 13, 3, 0),
(74, 12, '评论管理', 'index.php?lfj=comment&job=list', '', 0, 12, 3, 1),
(75, 12, '</a>\r\n<font color="#FF0000">文章</font><img src=../images/default/article_elite.gif> <a href="index.php?lfj=post&job=postnew&only=1&mid=0" target="main">发表</a> <a href="index.php?lfj=artic&job=listartic&mid=0&only=1" target="main">管理</a> <a href="index.php?lfj=sort&job=listsort&mid=0&only=1" target="main">栏目</a><a> ', '#', '', 0, 20, 3, 0),
(76, 12, '</a>\r\n<font color="#FF0000">图片</font><img src=../images/default/article_elite.gif> <a href="index.php?lfj=post&job=postnew&only=1&mid=100" target="main">发表</a> <a href="index.php?lfj=artic&job=listartic&mid=100&only=1" target="main">管理</a> <a href="index.php?lfj=sort&job=listsort&mid=100&only=1" target="main">栏目</a><a> ', '#', '', 0, 19, 3, 0),
(77, 12, '</a>\r\n<font color="#FF0000">软件</font><img src=../images/default/article_elite.gif> <a href="index.php?lfj=post&job=postnew&only=1&mid=101" target="main">发表</a> <a href="index.php?lfj=artic&job=listartic&mid=101&only=1" target="main">管理</a> <a href="index.php?lfj=sort&job=listsort&mid=101&only=1" target="main">栏目</a><a> ', '#', '', 0, 18, 3, 0),
(78, 12, '</a>\r\n<font color="#FF0000">视频</font><img src=../images/default/article_elite.gif> <a href="index.php?lfj=post&job=postnew&only=1&mid=102" target="main">发表</a> <a href="index.php?lfj=artic&job=listartic&mid=102&only=1" target="main">管理</a> <a href="index.php?lfj=sort&job=listsort&mid=102&only=1" target="main">栏目</a><a> ', '#', '', 0, 17, 3, 0),
(79, 12, '</a>\r\n<font color="#FF0000">商品</font><img src=../images/default/article_elite.gif> <a href="index.php?lfj=post&job=postnew&only=1&mid=103" target="main">发表</a> <a href="index.php?lfj=artic&job=listartic&mid=103&only=1" target="main">管理</a> <a href="index.php?lfj=sort&job=listsort&mid=103&only=1" target="main">栏目</a><a> ', '#', '', 0, 16, 3, 0),
(80, 12, '</a>\r\n<font color="#FF0000">产品</font><img src=../images/default/article_elite.gif> <a href="index.php?lfj=post&job=postnew&only=1&mid=105" target="main">发表</a> <a href="index.php?lfj=artic&job=listartic&mid=105&only=1" target="main">管理</a> <a href="index.php?lfj=sort&job=listsort&mid=105&only=1" target="main">栏目</a><a> ', '#', '', 0, 15, 3, 0),
(92, 0, '系统功能设置', '', '', 0, 6, 3, 0),
(93, 92, '核心全局参数设置', 'index.php?lfj=center&job=config', '', 0, 0, 3, 0),
(94, 92, '网站导航菜单设置', 'index.php?lfj=guidemenu&job=list', '', 0, 0, 3, 0),
(95, 92, '网站内容模型管理', 'index.php?lfj=article_module&job=list', '', 0, 0, 3, 0),
(96, 92, '友情链接管理', 'index.php?lfj=friendlink&job=list', '', 0, 0, 3, 0),
(97, 92, '独立页面管理', 'index.php?lfj=alonepage&job=list', '', 0, 0, 3, 0),
(98, 92, '备份网站数据库', 'index.php?lfj=mysql&job=out', '', 0, 0, 3, 0),
(99, 92, '万能自定义表单模型管理', 'index.php?lfj=form_module&job=list', '', 0, 0, 3, 0),
(100, 92, '文章功能重要设置', 'index.php?lfj=article_more&job=config', '', 0, 0, 3, 0),
(101, 83, '</a>\r\n<font color="#FF0000">内容</font><img src=../images/default/article_elite.gif> <a href="../do/job.php?job=jump&pagetype=bencandy_label" target="main">内容页标签</a>\r\n<a> ', '#', '', 0, 2, 3, 0);

-- --------------------------------------------------------

--
-- 表的结构 `p8_ad_user`
--

CREATE TABLE IF NOT EXISTS `p8_ad_user` (
  `u_id` mediumint(7) NOT NULL auto_increment,
  `id` mediumint(7) NOT NULL default '0',
  `u_uid` mediumint(7) NOT NULL default '0',
  `u_username` varchar(30) NOT NULL default '',
  `u_day` smallint(4) NOT NULL default '0',
  `u_begintime` int(10) NOT NULL default '0',
  `u_endtime` int(10) NOT NULL default '0',
  `u_hits` mediumint(7) NOT NULL default '0',
  `u_yz` tinyint(1) NOT NULL default '0',
  `u_code` text NOT NULL,
  `u_money` mediumint(7) NOT NULL default '0',
  `u_moneycard` mediumint(7) NOT NULL default '0',
  `u_posttime` int(10) NOT NULL default '0',
  PRIMARY KEY  (`u_id`),
  KEY `u_endtime` (`u_endtime`)
) ENGINE=MyISAM  DEFAULT CHARSET=utf8 AUTO_INCREMENT=2 ;

--
-- 转存表中的数据 `p8_ad_user`
--

INSERT INTO `p8_ad_user` (`u_id`, `id`, `u_uid`, `u_username`, `u_day`, `u_begintime`, `u_endtime`, `u_hits`, `u_yz`, `u_code`, `u_money`, `u_moneycard`, `u_posttime`) VALUES
(1, 10, 1, 'admin', 1, 1238397241, 1238483641, 0, 1, 'a:8:{s:4:"word";s:0:"";s:6:"picurl";s:29:"ad/1_20090330150357_lRNDT.jpg";s:7:"linkurl";s:7:"告网址:";s:8:"flashurl";s:0:"";s:4:"code";s:0:"";s:5:"width";s:3:"400";s:6:"height";s:3:"400";s:9:"pictarget";s:5:"blank";}', 0, 5, 1238397242);

-- --------------------------------------------------------

--
-- 表的结构 `p8_alonepage`
--

CREATE TABLE IF NOT EXISTS `p8_alonepage` (
  `id` mediumint(5) NOT NULL auto_increment,
  `fid` mediumint(5) NOT NULL default '0',
  `name` varchar(100) NOT NULL default '',
  `title` varchar(100) NOT NULL default '',
  `posttime` int(10) NOT NULL default '0',
  `uid` mediumint(7) NOT NULL default '0',
  `username` varchar(30) NOT NULL default '',
  `style` varchar(15) NOT NULL default '',
  `tpl_head` varchar(50) NOT NULL default '',
  `tpl_main` varchar(50) NOT NULL default '',
  `tpl_foot` varchar(50) NOT NULL default '',
  `filename` varchar(100) default NULL,
  `filepath` varchar(30) NOT NULL default '',
  `descrip` text NOT NULL,
  `keywords` varchar(255) NOT NULL default '',
  `content` text NOT NULL,
  `hits` int(7) NOT NULL default '0',
  `ishtml` tinyint(1) NOT NULL default '0',
  PRIMARY KEY  (`id`)
) ENGINE=MyISAM DEFAULT CHARSET=utf8 AUTO_INCREMENT=1 ;

--
-- 转存表中的数据 `p8_alonepage`
--


-- --------------------------------------------------------

--
-- 表的结构 `p8_area`
--

CREATE TABLE IF NOT EXISTS `p8_area` (
  `fid` mediumint(7) unsigned NOT NULL auto_increment,
  `fup` mediumint(7) unsigned NOT NULL default '0',
  `name` varchar(200) NOT NULL default '',
  `class` smallint(4) NOT NULL default '0',
  `sons` smallint(4) NOT NULL default '0',
  `type` tinyint(1) NOT NULL default '0',
  `admin` varchar(100) NOT NULL default '',
  `list` int(10) NOT NULL default '0',
  `listorder` tinyint(2) NOT NULL default '0',
  `passwd` varchar(32) NOT NULL default '',
  `logo` varchar(150) NOT NULL default '',
  `descrip` text NOT NULL,
  `style` varchar(50) NOT NULL default '',
  `template` text NOT NULL,
  `jumpurl` varchar(150) NOT NULL default '',
  `maxperpage` tinyint(3) NOT NULL default '0',
  `metakeywords` varchar(255) NOT NULL default '',
  `metadescription` varchar(255) NOT NULL default '',
  `allowcomment` tinyint(1) NOT NULL default '0',
  `allowpost` varchar(150) NOT NULL default '',
  `allowviewtitle` varchar(150) NOT NULL default '',
  `allowviewcontent` varchar(150) NOT NULL default '',
  `allowdownload` varchar(150) NOT NULL default '',
  `forbidshow` tinyint(1) NOT NULL default '0',
  `config` text NOT NULL,
  PRIMARY KEY  (`fid`),
  KEY `fup` (`fup`)
) ENGINE=MyISAM  DEFAULT CHARSET=utf8 AUTO_INCREMENT=538 ;

--
-- 转存表中的数据 `p8_area`
--

INSERT INTO `p8_area` (`fid`, `fup`, `name`, `class`, `sons`, `type`, `admin`, `list`, `listorder`, `passwd`, `logo`, `descrip`, `style`, `template`, `jumpurl`, `maxperpage`, `metakeywords`, `metadescription`, `allowcomment`, `allowpost`, `allowviewtitle`, `allowviewcontent`, `allowdownload`, `forbidshow`, `config`) VALUES
(1, 0, '北京市', 1, 18, 1, '', 0, 0, '', '', '', '', '', '', 0, '', '', 0, '', '', '', '', 0, ''),
(2, 0, '上海市', 1, 19, 1, '', 0, 0, '', '', '', '', '', '', 0, '', '', 0, '', '', '', '', 0, ''),
(3, 0, '天津市', 1, 18, 1, '', 0, 0, '', '', '', '', '', '', 0, '', '', 0, '', '', '', '', 0, ''),
(4, 0, '重庆市', 1, 40, 1, '', 0, 0, '', '', '', '', '', '', 0, '', '', 0, '', '', '', '', 0, ''),
(5, 0, '河北省', 1, 11, 1, '', 0, 0, '', '', '', '', '', '', 0, '', '', 0, '', '', '', '', 0, ''),
(6, 0, '山西省', 1, 11, 1, '', 0, 0, '', '', '', '', '', '', 0, '', '', 0, '', '', '', '', 0, ''),
(7, 0, '内蒙古自治区', 1, 12, 1, '', 0, 0, '', '', '', '', '', '', 0, '', '', 0, '', '', '', '', 0, ''),
(8, 0, '辽宁省', 1, 14, 1, '', 0, 0, '', '', '', '', '', '', 0, '', '', 0, '', '', '', '', 0, ''),
(9, 0, '吉林省', 1, 9, 1, '', 0, 0, '', '', '', '', '', '', 0, '', '', 0, '', '', '', '', 0, ''),
(10, 0, '黑龙江省', 1, 13, 1, '', 0, 0, '', '', '', '', '', '', 0, '', '', 0, '', '', '', '', 0, ''),
(11, 0, '江苏省', 1, 13, 1, '', 0, 0, '', '', '', '', '', '', 0, '', '', 0, '', '', '', '', 0, ''),
(12, 0, '浙江省', 1, 11, 1, '', 0, 0, '', '', '', '', '', '', 0, '', '', 0, '', '', '', '', 0, ''),
(13, 0, '安徽省', 1, 17, 1, '', 0, 0, '', '', '', '', '', '', 0, '', '', 0, '', '', '', '', 0, ''),
(14, 0, '福建省', 1, 9, 1, '', 0, 0, '', '', '', '', '', '', 0, '', '', 0, '', '', '', '', 0, ''),
(15, 0, '江西省', 1, 11, 1, '', 0, 0, '', '', '', '', '', '', 0, '', '', 0, '', '', '', '', 0, ''),
(16, 0, '山东省', 1, 17, 1, '', 0, 0, '', '', '', '', '', '', 0, '', '', 0, '', '', '', '', 0, ''),
(17, 0, '河南省', 1, 17, 1, '', 0, 0, '', '', '', '', '', '', 0, '', '', 0, '', '', '', '', 0, ''),
(18, 0, '湖北省', 1, 17, 1, '', 0, 0, '', '', '', '', '', '', 0, '', '', 0, '', '', '', '', 0, ''),
(19, 0, '湖南省', 1, 14, 1, '', 0, 0, '', '', '', '', '', '', 0, '', '', 0, '', '', '', '', 0, ''),
(20, 0, '广东省', 1, 21, 1, '', 0, 0, '', '', '', '', '', '', 0, '', '', 0, '', '', '', '', 0, ''),
(21, 0, '广西壮族自治区', 1, 14, 1, '', 0, 0, '', '', '', '', '', '', 0, '', '', 0, '', '', '', '', 0, ''),
(22, 0, '海南省', 1, 21, 1, '', 0, 0, '', '', '', '', '', '', 0, '', '', 0, '', '', '', '', 0, ''),
(23, 0, '四川省', 1, 21, 1, '', 0, 0, '', '', '', '', '', '', 0, '', '', 0, '', '', '', '', 0, ''),
(24, 0, '贵州省', 1, 9, 1, '', 0, 0, '', '', '', '', '', '', 0, '', '', 0, '', '', '', '', 0, ''),
(25, 0, '云南省', 1, 16, 1, '', 0, 0, '', '', '', '', '', '', 0, '', '', 0, '', '', '', '', 0, ''),
(26, 0, '西藏自治区', 1, 7, 1, '', 0, 0, '', '', '', '', '', '', 0, '', '', 0, '', '', '', '', 0, ''),
(27, 0, '陕西省', 1, 10, 1, '', 0, 0, '', '', '', '', '', '', 0, '', '', 0, '', '', '', '', 0, ''),
(28, 0, '甘肃省', 1, 14, 1, '', 0, 0, '', '', '', '', '', '', 0, '', '', 0, '', '', '', '', 0, ''),
(29, 0, '青海省', 1, 8, 1, '', 0, 0, '', '', '', '', '', '', 0, '', '', 0, '', '', '', '', 0, ''),
(30, 0, '宁夏回族自治区', 1, 5, 1, '', 0, 0, '', '', '', '', '', '', 0, '', '', 0, '', '', '', '', 0, ''),
(31, 0, '新疆维吾尔自治区', 1, 18, 1, '', 0, 0, '', '', '', '', '', '', 0, '', '', 0, '', '', '', '', 0, ''),
(32, 0, '台湾省', 1, 25, 1, '', 0, 0, '', '', '', '', '', '', 0, '', '', 0, '', '', '', '', 0, ''),
(33, 0, '香港特别行政区', 1, 18, 1, '', 0, 0, '', '', '', '', '', '', 0, '', '', 0, '', '', '', '', 0, ''),
(34, 0, '澳门特别行政区', 1, 5, 1, '', 0, 0, '', '', '', '', '', '', 0, '', '', 0, '', '', '', '', 0, ''),
(35, 1, '东城区', 2, 0, 0, '', 0, 0, '', '', '', '', '', '', 0, '', '', 0, '', '', '', '', 0, ''),
(36, 1, '西城区', 2, 0, 0, '', 0, 0, '', '', '', '', '', '', 0, '', '', 0, '', '', '', '', 0, ''),
(37, 1, '崇文区', 2, 0, 0, '', 0, 0, '', '', '', '', '', '', 0, '', '', 0, '', '', '', '', 0, ''),
(38, 1, '宣武区', 2, 0, 0, '', 0, 0, '', '', '', '', '', '', 0, '', '', 0, '', '', '', '', 0, ''),
(39, 1, '朝阳区', 2, 0, 0, '', 0, 0, '', '', '', '', '', '', 0, '', '', 0, '', '', '', '', 0, ''),
(40, 1, '丰台区', 2, 0, 0, '', 0, 0, '', '', '', '', '', '', 0, '', '', 0, '', '', '', '', 0, ''),
(41, 1, '石景山区', 2, 0, 0, '', 0, 0, '', '', '', '', '', '', 0, '', '', 0, '', '', '', '', 0, ''),
(42, 1, '海淀区', 2, 0, 0, '', 0, 0, '', '', '', '', '', '', 0, '', '', 0, '', '', '', '', 0, ''),
(43, 1, '门头沟区', 2, 0, 0, '', 0, 0, '', '', '', '', '', '', 0, '', '', 0, '', '', '', '', 0, ''),
(44, 1, '房山区', 2, 0, 0, '', 0, 0, '', '', '', '', '', '', 0, '', '', 0, '', '', '', '', 0, ''),
(45, 1, '通州区', 2, 0, 0, '', 0, 0, '', '', '', '', '', '', 0, '', '', 0, '', '', '', '', 0, ''),
(46, 1, '顺义区', 2, 0, 0, '', 0, 0, '', '', '', '', '', '', 0, '', '', 0, '', '', '', '', 0, ''),
(47, 1, '昌平区', 2, 0, 0, '', 0, 0, '', '', '', '', '', '', 0, '', '', 0, '', '', '', '', 0, ''),
(48, 1, '大兴区', 2, 0, 0, '', 0, 0, '', '', '', '', '', '', 0, '', '', 0, '', '', '', '', 0, ''),
(49, 1, '怀柔区', 2, 0, 0, '', 0, 0, '', '', '', '', '', '', 0, '', '', 0, '', '', '', '', 0, ''),
(50, 1, '平谷区', 2, 0, 0, '', 0, 0, '', '', '', '', '', '', 0, '', '', 0, '', '', '', '', 0, ''),
(51, 1, '密云县', 2, 0, 0, '', 0, 0, '', '', '', '', '', '', 0, '', '', 0, '', '', '', '', 0, ''),
(52, 1, '延庆县', 2, 0, 0, '', 0, 0, '', '', '', '', '', '', 0, '', '', 0, '', '', '', '', 0, ''),
(53, 2, '黄浦区', 2, 0, 0, '', 0, 0, '', '', '', '', '', '', 0, '', '', 0, '', '', '', '', 0, ''),
(54, 2, '卢湾区', 2, 0, 0, '', 0, 0, '', '', '', '', '', '', 0, '', '', 0, '', '', '', '', 0, ''),
(55, 2, '徐汇区', 2, 0, 0, '', 0, 0, '', '', '', '', '', '', 0, '', '', 0, '', '', '', '', 0, ''),
(56, 2, '长宁区', 2, 0, 0, '', 0, 0, '', '', '', '', '', '', 0, '', '', 0, '', '', '', '', 0, ''),
(57, 2, '静安区', 2, 0, 0, '', 0, 0, '', '', '', '', '', '', 0, '', '', 0, '', '', '', '', 0, ''),
(58, 2, '普陀区', 2, 0, 0, '', 0, 0, '', '', '', '', '', '', 0, '', '', 0, '', '', '', '', 0, ''),
(59, 2, '闸北区', 2, 0, 0, '', 0, 0, '', '', '', '', '', '', 0, '', '', 0, '', '', '', '', 0, ''),
(60, 2, '虹口区', 2, 0, 0, '', 0, 0, '', '', '', '', '', '', 0, '', '', 0, '', '', '', '', 0, ''),
(61, 2, '杨浦区', 2, 0, 0, '', 0, 0, '', '', '', '', '', '', 0, '', '', 0, '', '', '', '', 0, ''),
(62, 2, '闵行区', 2, 0, 0, '', 0, 0, '', '', '', '', '', '', 0, '', '', 0, '', '', '', '', 0, ''),
(63, 2, '宝山区', 2, 0, 0, '', 0, 0, '', '', '', '', '', '', 0, '', '', 0, '', '', '', '', 0, ''),
(64, 2, '嘉定区', 2, 0, 0, '', 0, 0, '', '', '', '', '', '', 0, '', '', 0, '', '', '', '', 0, ''),
(65, 2, '浦东新区', 2, 0, 0, '', 0, 0, '', '', '', '', '', '', 0, '', '', 0, '', '', '', '', 0, ''),
(66, 2, '金山区', 2, 0, 0, '', 0, 0, '', '', '', '', '', '', 0, '', '', 0, '', '', '', '', 0, ''),
(67, 2, '松江区', 2, 0, 0, '', 0, 0, '', '', '', '', '', '', 0, '', '', 0, '', '', '', '', 0, ''),
(68, 2, '青浦区', 2, 0, 0, '', 0, 0, '', '', '', '', '', '', 0, '', '', 0, '', '', '', '', 0, ''),
(69, 2, '南汇区', 2, 0, 0, '', 0, 0, '', '', '', '', '', '', 0, '', '', 0, '', '', '', '', 0, ''),
(70, 2, '奉贤区', 2, 0, 0, '', 0, 0, '', '', '', '', '', '', 0, '', '', 0, '', '', '', '', 0, ''),
(71, 2, '崇明县', 2, 0, 0, '', 0, 0, '', '', '', '', '', '', 0, '', '', 0, '', '', '', '', 0, ''),
(72, 3, '和平区', 2, 0, 0, '', 0, 0, '', '', '', '', '', '', 0, '', '', 0, '', '', '', '', 0, ''),
(73, 3, '河东区', 2, 0, 0, '', 0, 0, '', '', '', '', '', '', 0, '', '', 0, '', '', '', '', 0, ''),
(74, 3, '河西区', 2, 0, 0, '', 0, 0, '', '', '', '', '', '', 0, '', '', 0, '', '', '', '', 0, ''),
(75, 3, '南开区', 2, 0, 0, '', 0, 0, '', '', '', '', '', '', 0, '', '', 0, '', '', '', '', 0, ''),
(76, 3, '河北区', 2, 0, 0, '', 0, 0, '', '', '', '', '', '', 0, '', '', 0, '', '', '', '', 0, ''),
(77, 3, '红桥区', 2, 0, 0, '', 0, 0, '', '', '', '', '', '', 0, '', '', 0, '', '', '', '', 0, ''),
(78, 3, '塘沽区', 2, 0, 0, '', 0, 0, '', '', '', '', '', '', 0, '', '', 0, '', '', '', '', 0, ''),
(79, 3, '汉沽区', 2, 0, 0, '', 0, 0, '', '', '', '', '', '', 0, '', '', 0, '', '', '', '', 0, ''),
(80, 3, '大港区', 2, 0, 0, '', 0, 0, '', '', '', '', '', '', 0, '', '', 0, '', '', '', '', 0, ''),
(81, 3, '东丽区', 2, 0, 0, '', 0, 0, '', '', '', '', '', '', 0, '', '', 0, '', '', '', '', 0, ''),
(82, 3, '西青区', 2, 0, 0, '', 0, 0, '', '', '', '', '', '', 0, '', '', 0, '', '', '', '', 0, ''),
(83, 3, '津南区', 2, 0, 0, '', 0, 0, '', '', '', '', '', '', 0, '', '', 0, '', '', '', '', 0, ''),
(84, 3, '北辰区', 2, 0, 0, '', 0, 0, '', '', '', '', '', '', 0, '', '', 0, '', '', '', '', 0, ''),
(85, 3, '武清区', 2, 0, 0, '', 0, 0, '', '', '', '', '', '', 0, '', '', 0, '', '', '', '', 0, ''),
(86, 3, '宝坻区', 2, 0, 0, '', 0, 0, '', '', '', '', '', '', 0, '', '', 0, '', '', '', '', 0, ''),
(87, 3, '宁河县', 2, 0, 0, '', 0, 0, '', '', '', '', '', '', 0, '', '', 0, '', '', '', '', 0, ''),
(88, 3, '静海县', 2, 0, 0, '', 0, 0, '', '', '', '', '', '', 0, '', '', 0, '', '', '', '', 0, ''),
(89, 3, '蓟县', 2, 0, 0, '', 0, 0, '', '', '', '', '', '', 0, '', '', 0, '', '', '', '', 0, ''),
(90, 4, '万州区', 2, 0, 0, '', 0, 0, '', '', '', '', '', '', 0, '', '', 0, '', '', '', '', 0, ''),
(91, 4, '涪陵区', 2, 0, 0, '', 0, 0, '', '', '', '', '', '', 0, '', '', 0, '', '', '', '', 0, ''),
(92, 4, '渝中区', 2, 0, 0, '', 0, 0, '', '', '', '', '', '', 0, '', '', 0, '', '', '', '', 0, ''),
(93, 4, '大渡口区', 2, 0, 0, '', 0, 0, '', '', '', '', '', '', 0, '', '', 0, '', '', '', '', 0, ''),
(94, 4, '江北区', 2, 0, 0, '', 0, 0, '', '', '', '', '', '', 0, '', '', 0, '', '', '', '', 0, ''),
(95, 4, '沙坪坝区', 2, 0, 0, '', 0, 0, '', '', '', '', '', '', 0, '', '', 0, '', '', '', '', 0, ''),
(96, 4, '九龙坡区', 2, 0, 0, '', 0, 0, '', '', '', '', '', '', 0, '', '', 0, '', '', '', '', 0, ''),
(97, 4, '南岸区', 2, 0, 0, '', 0, 0, '', '', '', '', '', '', 0, '', '', 0, '', '', '', '', 0, ''),
(98, 4, '北碚区', 2, 0, 0, '', 0, 0, '', '', '', '', '', '', 0, '', '', 0, '', '', '', '', 0, ''),
(99, 4, '万盛区', 2, 0, 0, '', 0, 0, '', '', '', '', '', '', 0, '', '', 0, '', '', '', '', 0, ''),
(100, 4, '双桥区', 2, 0, 0, '', 0, 0, '', '', '', '', '', '', 0, '', '', 0, '', '', '', '', 0, ''),
(101, 4, '渝北区', 2, 0, 0, '', 0, 0, '', '', '', '', '', '', 0, '', '', 0, '', '', '', '', 0, ''),
(102, 4, '巴南区', 2, 0, 0, '', 0, 0, '', '', '', '', '', '', 0, '', '', 0, '', '', '', '', 0, ''),
(103, 4, '黔江区', 2, 0, 0, '', 0, 0, '', '', '', '', '', '', 0, '', '', 0, '', '', '', '', 0, ''),
(104, 4, '长寿区', 2, 0, 0, '', 0, 0, '', '', '', '', '', '', 0, '', '', 0, '', '', '', '', 0, ''),
(105, 4, '綦江县', 2, 0, 0, '', 0, 0, '', '', '', '', '', '', 0, '', '', 0, '', '', '', '', 0, ''),
(106, 4, '潼南县', 2, 0, 0, '', 0, 0, '', '', '', '', '', '', 0, '', '', 0, '', '', '', '', 0, ''),
(107, 4, '铜梁县', 2, 0, 0, '', 0, 0, '', '', '', '', '', '', 0, '', '', 0, '', '', '', '', 0, ''),
(108, 4, '大足县', 2, 0, 0, '', 0, 0, '', '', '', '', '', '', 0, '', '', 0, '', '', '', '', 0, ''),
(109, 4, '荣昌县', 2, 0, 0, '', 0, 0, '', '', '', '', '', '', 0, '', '', 0, '', '', '', '', 0, ''),
(110, 4, '璧山县', 2, 0, 0, '', 0, 0, '', '', '', '', '', '', 0, '', '', 0, '', '', '', '', 0, ''),
(111, 4, '梁平县', 2, 0, 0, '', 0, 0, '', '', '', '', '', '', 0, '', '', 0, '', '', '', '', 0, ''),
(112, 4, '城口县', 2, 0, 0, '', 0, 0, '', '', '', '', '', '', 0, '', '', 0, '', '', '', '', 0, ''),
(113, 4, '丰都县', 2, 0, 0, '', 0, 0, '', '', '', '', '', '', 0, '', '', 0, '', '', '', '', 0, ''),
(114, 4, '垫江县', 2, 0, 0, '', 0, 0, '', '', '', '', '', '', 0, '', '', 0, '', '', '', '', 0, ''),
(115, 4, '武隆县', 2, 0, 0, '', 0, 0, '', '', '', '', '', '', 0, '', '', 0, '', '', '', '', 0, ''),
(116, 4, '忠县', 2, 0, 0, '', 0, 0, '', '', '', '', '', '', 0, '', '', 0, '', '', '', '', 0, ''),
(117, 4, '开县', 2, 0, 0, '', 0, 0, '', '', '', '', '', '', 0, '', '', 0, '', '', '', '', 0, ''),
(118, 4, '云阳县', 2, 0, 0, '', 0, 0, '', '', '', '', '', '', 0, '', '', 0, '', '', '', '', 0, ''),
(119, 4, '奉节县', 2, 0, 0, '', 0, 0, '', '', '', '', '', '', 0, '', '', 0, '', '', '', '', 0, ''),
(120, 4, '巫山县', 2, 0, 0, '', 0, 0, '', '', '', '', '', '', 0, '', '', 0, '', '', '', '', 0, ''),
(121, 4, '巫溪县', 2, 0, 0, '', 0, 0, '', '', '', '', '', '', 0, '', '', 0, '', '', '', '', 0, ''),
(122, 4, '石柱土家族自治县', 2, 0, 0, '', 0, 0, '', '', '', '', '', '', 0, '', '', 0, '', '', '', '', 0, ''),
(123, 4, '秀山土家族苗族自治县', 2, 0, 0, '', 0, 0, '', '', '', '', '', '', 0, '', '', 0, '', '', '', '', 0, ''),
(124, 4, '酉阳土家族苗族自治县', 2, 0, 0, '', 0, 0, '', '', '', '', '', '', 0, '', '', 0, '', '', '', '', 0, ''),
(125, 4, '彭水苗族土家族自治县', 2, 0, 0, '', 0, 0, '', '', '', '', '', '', 0, '', '', 0, '', '', '', '', 0, ''),
(126, 4, '江津市', 2, 0, 0, '', 0, 0, '', '', '', '', '', '', 0, '', '', 0, '', '', '', '', 0, ''),
(127, 4, '合川市', 2, 0, 0, '', 0, 0, '', '', '', '', '', '', 0, '', '', 0, '', '', '', '', 0, ''),
(128, 4, '永川市', 2, 0, 0, '', 0, 0, '', '', '', '', '', '', 0, '', '', 0, '', '', '', '', 0, ''),
(129, 4, '南川市', 2, 0, 0, '', 0, 0, '', '', '', '', '', '', 0, '', '', 0, '', '', '', '', 0, ''),
(130, 5, '石家庄市', 2, 0, 0, '', 0, 0, '', '', '', '', '', '', 0, '', '', 0, '', '', '', '', 0, ''),
(131, 5, '唐山市', 2, 0, 0, '', 0, 0, '', '', '', '', '', '', 0, '', '', 0, '', '', '', '', 0, ''),
(132, 5, '秦皇岛市', 2, 0, 0, '', 0, 0, '', '', '', '', '', '', 0, '', '', 0, '', '', '', '', 0, ''),
(133, 5, '邯郸市', 2, 0, 0, '', 0, 0, '', '', '', '', '', '', 0, '', '', 0, '', '', '', '', 0, ''),
(134, 5, '邢台市', 2, 0, 0, '', 0, 0, '', '', '', '', '', '', 0, '', '', 0, '', '', '', '', 0, ''),
(135, 5, '保定市', 2, 0, 0, '', 0, 0, '', '', '', '', '', '', 0, '', '', 0, '', '', '', '', 0, ''),
(136, 5, '张家口市', 2, 0, 0, '', 0, 0, '', '', '', '', '', '', 0, '', '', 0, '', '', '', '', 0, ''),
(137, 5, '承德市', 2, 0, 0, '', 0, 0, '', '', '', '', '', '', 0, '', '', 0, '', '', '', '', 0, ''),
(138, 5, '沧州市', 2, 0, 0, '', 0, 0, '', '', '', '', '', '', 0, '', '', 0, '', '', '', '', 0, ''),
(139, 5, '廊坊市', 2, 0, 0, '', 0, 0, '', '', '', '', '', '', 0, '', '', 0, '', '', '', '', 0, ''),
(140, 5, '衡水市', 2, 0, 0, '', 0, 0, '', '', '', '', '', '', 0, '', '', 0, '', '', '', '', 0, ''),
(141, 6, '太原市', 2, 0, 0, '', 0, 0, '', '', '', '', '', '', 0, '', '', 0, '', '', '', '', 0, ''),
(142, 6, '大同市', 2, 0, 0, '', 0, 0, '', '', '', '', '', '', 0, '', '', 0, '', '', '', '', 0, ''),
(143, 6, '阳泉市', 2, 0, 0, '', 0, 0, '', '', '', '', '', '', 0, '', '', 0, '', '', '', '', 0, ''),
(144, 6, '长治市', 2, 0, 0, '', 0, 0, '', '', '', '', '', '', 0, '', '', 0, '', '', '', '', 0, ''),
(145, 6, '晋城市', 2, 0, 0, '', 0, 0, '', '', '', '', '', '', 0, '', '', 0, '', '', '', '', 0, ''),
(146, 6, '朔州市', 2, 0, 0, '', 0, 0, '', '', '', '', '', '', 0, '', '', 0, '', '', '', '', 0, ''),
(147, 6, '晋中市', 2, 0, 0, '', 0, 0, '', '', '', '', '', '', 0, '', '', 0, '', '', '', '', 0, ''),
(148, 6, '运城市', 2, 0, 0, '', 0, 0, '', '', '', '', '', '', 0, '', '', 0, '', '', '', '', 0, ''),
(149, 6, '忻州市', 2, 0, 0, '', 0, 0, '', '', '', '', '', '', 0, '', '', 0, '', '', '', '', 0, ''),
(150, 6, '临汾市', 2, 0, 0, '', 0, 0, '', '', '', '', '', '', 0, '', '', 0, '', '', '', '', 0, ''),
(151, 6, '吕梁市', 2, 0, 0, '', 0, 0, '', '', '', '', '', '', 0, '', '', 0, '', '', '', '', 0, ''),
(152, 7, '呼和浩特市', 2, 0, 0, '', 0, 0, '', '', '', '', '', '', 0, '', '', 0, '', '', '', '', 0, ''),
(153, 7, '包头市', 2, 0, 0, '', 0, 0, '', '', '', '', '', '', 0, '', '', 0, '', '', '', '', 0, ''),
(154, 7, '乌海市', 2, 0, 0, '', 0, 0, '', '', '', '', '', '', 0, '', '', 0, '', '', '', '', 0, ''),
(155, 7, '赤峰市', 2, 0, 0, '', 0, 0, '', '', '', '', '', '', 0, '', '', 0, '', '', '', '', 0, ''),
(156, 7, '通辽市', 2, 0, 0, '', 0, 0, '', '', '', '', '', '', 0, '', '', 0, '', '', '', '', 0, ''),
(157, 7, '鄂尔多斯市', 2, 0, 0, '', 0, 0, '', '', '', '', '', '', 0, '', '', 0, '', '', '', '', 0, ''),
(158, 7, '呼伦贝尔市', 2, 0, 0, '', 0, 0, '', '', '', '', '', '', 0, '', '', 0, '', '', '', '', 0, ''),
(159, 7, '巴彦淖尔市', 2, 0, 0, '', 0, 0, '', '', '', '', '', '', 0, '', '', 0, '', '', '', '', 0, ''),
(160, 7, '乌兰察布市', 2, 0, 0, '', 0, 0, '', '', '', '', '', '', 0, '', '', 0, '', '', '', '', 0, ''),
(161, 7, '兴安盟', 2, 0, 0, '', 0, 0, '', '', '', '', '', '', 0, '', '', 0, '', '', '', '', 0, ''),
(162, 7, '锡林郭勒盟', 2, 0, 0, '', 0, 0, '', '', '', '', '', '', 0, '', '', 0, '', '', '', '', 0, ''),
(163, 7, '阿拉善盟', 2, 0, 0, '', 0, 0, '', '', '', '', '', '', 0, '', '', 0, '', '', '', '', 0, ''),
(164, 8, '沈阳市', 2, 0, 0, '', 0, 0, '', '', '', '', '', '', 0, '', '', 0, '', '', '', '', 0, ''),
(165, 8, '大连市', 2, 0, 0, '', 0, 0, '', '', '', '', '', '', 0, '', '', 0, '', '', '', '', 0, ''),
(166, 8, '鞍山市', 2, 0, 0, '', 0, 0, '', '', '', '', '', '', 0, '', '', 0, '', '', '', '', 0, ''),
(167, 8, '抚顺市', 2, 0, 0, '', 0, 0, '', '', '', '', '', '', 0, '', '', 0, '', '', '', '', 0, ''),
(168, 8, '本溪市', 2, 0, 0, '', 0, 0, '', '', '', '', '', '', 0, '', '', 0, '', '', '', '', 0, ''),
(169, 8, '丹东市', 2, 0, 0, '', 0, 0, '', '', '', '', '', '', 0, '', '', 0, '', '', '', '', 0, ''),
(170, 8, '锦州市', 2, 0, 0, '', 0, 0, '', '', '', '', '', '', 0, '', '', 0, '', '', '', '', 0, ''),
(171, 8, '营口市', 2, 0, 0, '', 0, 0, '', '', '', '', '', '', 0, '', '', 0, '', '', '', '', 0, ''),
(172, 8, '阜新市', 2, 0, 0, '', 0, 0, '', '', '', '', '', '', 0, '', '', 0, '', '', '', '', 0, ''),
(173, 8, '辽阳市', 2, 0, 0, '', 0, 0, '', '', '', '', '', '', 0, '', '', 0, '', '', '', '', 0, ''),
(174, 8, '盘锦市', 2, 0, 0, '', 0, 0, '', '', '', '', '', '', 0, '', '', 0, '', '', '', '', 0, ''),
(175, 8, '铁岭市', 2, 0, 0, '', 0, 0, '', '', '', '', '', '', 0, '', '', 0, '', '', '', '', 0, ''),
(176, 8, '朝阳市', 2, 0, 0, '', 0, 0, '', '', '', '', '', '', 0, '', '', 0, '', '', '', '', 0, ''),
(177, 8, '葫芦岛市', 2, 0, 0, '', 0, 0, '', '', '', '', '', '', 0, '', '', 0, '', '', '', '', 0, ''),
(178, 9, '长春市', 2, 0, 0, '', 0, 0, '', '', '', '', '', '', 0, '', '', 0, '', '', '', '', 0, ''),
(179, 9, '吉林市', 2, 0, 0, '', 0, 0, '', '', '', '', '', '', 0, '', '', 0, '', '', '', '', 0, ''),
(180, 9, '四平市', 2, 0, 0, '', 0, 0, '', '', '', '', '', '', 0, '', '', 0, '', '', '', '', 0, ''),
(181, 9, '辽源市', 2, 0, 0, '', 0, 0, '', '', '', '', '', '', 0, '', '', 0, '', '', '', '', 0, ''),
(182, 9, '通化市', 2, 0, 0, '', 0, 0, '', '', '', '', '', '', 0, '', '', 0, '', '', '', '', 0, ''),
(183, 9, '白山市', 2, 0, 0, '', 0, 0, '', '', '', '', '', '', 0, '', '', 0, '', '', '', '', 0, ''),
(184, 9, '松原市', 2, 0, 0, '', 0, 0, '', '', '', '', '', '', 0, '', '', 0, '', '', '', '', 0, ''),
(185, 9, '白城市', 2, 0, 0, '', 0, 0, '', '', '', '', '', '', 0, '', '', 0, '', '', '', '', 0, ''),
(186, 9, '延边朝鲜族自治州', 2, 0, 0, '', 0, 0, '', '', '', '', '', '', 0, '', '', 0, '', '', '', '', 0, ''),
(187, 10, '哈尔滨市', 2, 0, 0, '', 0, 0, '', '', '', '', '', '', 0, '', '', 0, '', '', '', '', 0, ''),
(188, 10, '齐齐哈尔市', 2, 0, 0, '', 0, 0, '', '', '', '', '', '', 0, '', '', 0, '', '', '', '', 0, ''),
(189, 10, '鸡西市', 2, 0, 0, '', 0, 0, '', '', '', '', '', '', 0, '', '', 0, '', '', '', '', 0, ''),
(190, 10, '鹤岗市', 2, 0, 0, '', 0, 0, '', '', '', '', '', '', 0, '', '', 0, '', '', '', '', 0, ''),
(191, 10, '双鸭山市', 2, 0, 0, '', 0, 0, '', '', '', '', '', '', 0, '', '', 0, '', '', '', '', 0, ''),
(192, 10, '大庆市', 2, 0, 0, '', 0, 0, '', '', '', '', '', '', 0, '', '', 0, '', '', '', '', 0, ''),
(193, 10, '伊春市', 2, 0, 0, '', 0, 0, '', '', '', '', '', '', 0, '', '', 0, '', '', '', '', 0, ''),
(194, 10, '佳木斯市', 2, 0, 0, '', 0, 0, '', '', '', '', '', '', 0, '', '', 0, '', '', '', '', 0, ''),
(195, 10, '七台河市', 2, 0, 0, '', 0, 0, '', '', '', '', '', '', 0, '', '', 0, '', '', '', '', 0, ''),
(196, 10, '牡丹江市', 2, 0, 0, '', 0, 0, '', '', '', '', '', '', 0, '', '', 0, '', '', '', '', 0, ''),
(197, 10, '黑河市', 2, 0, 0, '', 0, 0, '', '', '', '', '', '', 0, '', '', 0, '', '', '', '', 0, ''),
(198, 10, '绥化市', 2, 0, 0, '', 0, 0, '', '', '', '', '', '', 0, '', '', 0, '', '', '', '', 0, ''),
(199, 10, '大兴安岭地区', 2, 0, 0, '', 0, 0, '', '', '', '', '', '', 0, '', '', 0, '', '', '', '', 0, ''),
(200, 11, '南京市', 2, 0, 0, '', 0, 0, '', '', '', '', '', '', 0, '', '', 0, '', '', '', '', 0, ''),
(201, 11, '无锡市', 2, 0, 0, '', 0, 0, '', '', '', '', '', '', 0, '', '', 0, '', '', '', '', 0, ''),
(202, 11, '徐州市', 2, 0, 0, '', 0, 0, '', '', '', '', '', '', 0, '', '', 0, '', '', '', '', 0, ''),
(203, 11, '常州市', 2, 0, 0, '', 0, 0, '', '', '', '', '', '', 0, '', '', 0, '', '', '', '', 0, ''),
(204, 11, '苏州市', 2, 0, 0, '', 0, 0, '', '', '', '', '', '', 0, '', '', 0, '', '', '', '', 0, ''),
(205, 11, '南通市', 2, 0, 0, '', 0, 0, '', '', '', '', '', '', 0, '', '', 0, '', '', '', '', 0, ''),
(206, 11, '连云港市', 2, 0, 0, '', 0, 0, '', '', '', '', '', '', 0, '', '', 0, '', '', '', '', 0, ''),
(207, 11, '淮安市', 2, 0, 0, '', 0, 0, '', '', '', '', '', '', 0, '', '', 0, '', '', '', '', 0, ''),
(208, 11, '盐城市', 2, 0, 0, '', 0, 0, '', '', '', '', '', '', 0, '', '', 0, '', '', '', '', 0, ''),
(209, 11, '扬州市', 2, 0, 0, '', 0, 0, '', '', '', '', '', '', 0, '', '', 0, '', '', '', '', 0, ''),
(210, 11, '镇江市', 2, 0, 0, '', 0, 0, '', '', '', '', '', '', 0, '', '', 0, '', '', '', '', 0, ''),
(211, 11, '泰州市', 2, 0, 0, '', 0, 0, '', '', '', '', '', '', 0, '', '', 0, '', '', '', '', 0, ''),
(212, 11, '宿迁市', 2, 0, 0, '', 0, 0, '', '', '', '', '', '', 0, '', '', 0, '', '', '', '', 0, ''),
(213, 12, '杭州市', 2, 0, 0, '', 0, 0, '', '', '', '', '', '', 0, '', '', 0, '', '', '', '', 0, ''),
(214, 12, '宁波市', 2, 0, 0, '', 0, 0, '', '', '', '', '', '', 0, '', '', 0, '', '', '', '', 0, ''),
(215, 12, '温州市', 2, 0, 0, '', 0, 0, '', '', '', '', '', '', 0, '', '', 0, '', '', '', '', 0, ''),
(216, 12, '嘉兴市', 2, 0, 0, '', 0, 0, '', '', '', '', '', '', 0, '', '', 0, '', '', '', '', 0, ''),
(217, 12, '湖州市', 2, 0, 0, '', 0, 0, '', '', '', '', '', '', 0, '', '', 0, '', '', '', '', 0, ''),
(218, 12, '绍兴市', 2, 0, 0, '', 0, 0, '', '', '', '', '', '', 0, '', '', 0, '', '', '', '', 0, ''),
(219, 12, '金华市', 2, 0, 0, '', 0, 0, '', '', '', '', '', '', 0, '', '', 0, '', '', '', '', 0, ''),
(220, 12, '衢州市', 2, 0, 0, '', 0, 0, '', '', '', '', '', '', 0, '', '', 0, '', '', '', '', 0, ''),
(221, 12, '舟山市', 2, 0, 0, '', 0, 0, '', '', '', '', '', '', 0, '', '', 0, '', '', '', '', 0, ''),
(222, 12, '台州市', 2, 0, 0, '', 0, 0, '', '', '', '', '', '', 0, '', '', 0, '', '', '', '', 0, ''),
(223, 12, '丽水市', 2, 0, 0, '', 0, 0, '', '', '', '', '', '', 0, '', '', 0, '', '', '', '', 0, ''),
(224, 13, '合肥市', 2, 0, 0, '', 0, 0, '', '', '', '', '', '', 0, '', '', 0, '', '', '', '', 0, ''),
(225, 13, '芜湖市', 2, 0, 0, '', 0, 0, '', '', '', '', '', '', 0, '', '', 0, '', '', '', '', 0, ''),
(226, 13, '蚌埠市', 2, 0, 0, '', 0, 0, '', '', '', '', '', '', 0, '', '', 0, '', '', '', '', 0, ''),
(227, 13, '淮南市', 2, 0, 0, '', 0, 0, '', '', '', '', '', '', 0, '', '', 0, '', '', '', '', 0, ''),
(228, 13, '马鞍山市', 2, 0, 0, '', 0, 0, '', '', '', '', '', '', 0, '', '', 0, '', '', '', '', 0, ''),
(229, 13, '淮北市', 2, 0, 0, '', 0, 0, '', '', '', '', '', '', 0, '', '', 0, '', '', '', '', 0, ''),
(230, 13, '铜陵市', 2, 0, 0, '', 0, 0, '', '', '', '', '', '', 0, '', '', 0, '', '', '', '', 0, ''),
(231, 13, '安庆市', 2, 0, 0, '', 0, 0, '', '', '', '', '', '', 0, '', '', 0, '', '', '', '', 0, ''),
(232, 13, '黄山市', 2, 0, 0, '', 0, 0, '', '', '', '', '', '', 0, '', '', 0, '', '', '', '', 0, ''),
(233, 13, '滁州市', 2, 0, 0, '', 0, 0, '', '', '', '', '', '', 0, '', '', 0, '', '', '', '', 0, ''),
(234, 13, '阜阳市', 2, 0, 0, '', 0, 0, '', '', '', '', '', '', 0, '', '', 0, '', '', '', '', 0, ''),
(235, 13, '宿州市', 2, 0, 0, '', 0, 0, '', '', '', '', '', '', 0, '', '', 0, '', '', '', '', 0, ''),
(236, 13, '巢湖市', 2, 0, 0, '', 0, 0, '', '', '', '', '', '', 0, '', '', 0, '', '', '', '', 0, ''),
(237, 13, '六安市', 2, 0, 0, '', 0, 0, '', '', '', '', '', '', 0, '', '', 0, '', '', '', '', 0, ''),
(238, 13, '亳州市', 2, 0, 0, '', 0, 0, '', '', '', '', '', '', 0, '', '', 0, '', '', '', '', 0, ''),
(239, 13, '池州市', 2, 0, 0, '', 0, 0, '', '', '', '', '', '', 0, '', '', 0, '', '', '', '', 0, ''),
(240, 13, '宣城市', 2, 0, 0, '', 0, 0, '', '', '', '', '', '', 0, '', '', 0, '', '', '', '', 0, ''),
(241, 14, '福州市', 2, 0, 0, '', 0, 0, '', '', '', '', '', '', 0, '', '', 0, '', '', '', '', 0, ''),
(242, 14, '厦门市', 2, 0, 0, '', 0, 0, '', '', '', '', '', '', 0, '', '', 0, '', '', '', '', 0, ''),
(243, 14, '莆田市', 2, 0, 0, '', 0, 0, '', '', '', '', '', '', 0, '', '', 0, '', '', '', '', 0, ''),
(244, 14, '三明市', 2, 0, 0, '', 0, 0, '', '', '', '', '', '', 0, '', '', 0, '', '', '', '', 0, ''),
(245, 14, '泉州市', 2, 0, 0, '', 0, 0, '', '', '', '', '', '', 0, '', '', 0, '', '', '', '', 0, ''),
(246, 14, '漳州市', 2, 0, 0, '', 0, 0, '', '', '', '', '', '', 0, '', '', 0, '', '', '', '', 0, ''),
(247, 14, '南平市', 2, 0, 0, '', 0, 0, '', '', '', '', '', '', 0, '', '', 0, '', '', '', '', 0, ''),
(248, 14, '龙岩市', 2, 0, 0, '', 0, 0, '', '', '', '', '', '', 0, '', '', 0, '', '', '', '', 0, ''),
(249, 14, '宁德市', 2, 0, 0, '', 0, 0, '', '', '', '', '', '', 0, '', '', 0, '', '', '', '', 0, ''),
(250, 15, '南昌市', 2, 0, 0, '', 0, 0, '', '', '', '', '', '', 0, '', '', 0, '', '', '', '', 0, ''),
(251, 15, '景德镇市', 2, 0, 0, '', 0, 0, '', '', '', '', '', '', 0, '', '', 0, '', '', '', '', 0, ''),
(252, 15, '萍乡市', 2, 0, 0, '', 0, 0, '', '', '', '', '', '', 0, '', '', 0, '', '', '', '', 0, ''),
(253, 15, '九江市', 2, 0, 0, '', 0, 0, '', '', '', '', '', '', 0, '', '', 0, '', '', '', '', 0, ''),
(254, 15, '新余市', 2, 0, 0, '', 0, 0, '', '', '', '', '', '', 0, '', '', 0, '', '', '', '', 0, ''),
(255, 15, '鹰潭市', 2, 0, 0, '', 0, 0, '', '', '', '', '', '', 0, '', '', 0, '', '', '', '', 0, ''),
(256, 15, '赣州市', 2, 0, 0, '', 0, 0, '', '', '', '', '', '', 0, '', '', 0, '', '', '', '', 0, ''),
(257, 15, '吉安市', 2, 0, 0, '', 0, 0, '', '', '', '', '', '', 0, '', '', 0, '', '', '', '', 0, ''),
(258, 15, '宜春市', 2, 0, 0, '', 0, 0, '', '', '', '', '', '', 0, '', '', 0, '', '', '', '', 0, ''),
(259, 15, '抚州市', 2, 0, 0, '', 0, 0, '', '', '', '', '', '', 0, '', '', 0, '', '', '', '', 0, ''),
(260, 15, '上饶市', 2, 0, 0, '', 0, 0, '', '', '', '', '', '', 0, '', '', 0, '', '', '', '', 0, ''),
(261, 16, '济南市', 2, 0, 0, '', 0, 0, '', '', '', '', '', '', 0, '', '', 0, '', '', '', '', 0, ''),
(262, 16, '青岛市', 2, 0, 0, '', 0, 0, '', '', '', '', '', '', 0, '', '', 0, '', '', '', '', 0, ''),
(263, 16, '淄博市', 2, 0, 0, '', 0, 0, '', '', '', '', '', '', 0, '', '', 0, '', '', '', '', 0, ''),
(264, 16, '枣庄市', 2, 0, 0, '', 0, 0, '', '', '', '', '', '', 0, '', '', 0, '', '', '', '', 0, ''),
(265, 16, '东营市', 2, 0, 0, '', 0, 0, '', '', '', '', '', '', 0, '', '', 0, '', '', '', '', 0, ''),
(266, 16, '烟台市', 2, 0, 0, '', 0, 0, '', '', '', '', '', '', 0, '', '', 0, '', '', '', '', 0, ''),
(267, 16, '潍坊市', 2, 0, 0, '', 0, 0, '', '', '', '', '', '', 0, '', '', 0, '', '', '', '', 0, ''),
(268, 16, '济宁市', 2, 0, 0, '', 0, 0, '', '', '', '', '', '', 0, '', '', 0, '', '', '', '', 0, ''),
(269, 16, '泰安市', 2, 0, 0, '', 0, 0, '', '', '', '', '', '', 0, '', '', 0, '', '', '', '', 0, ''),
(270, 16, '威海市', 2, 0, 0, '', 0, 0, '', '', '', '', '', '', 0, '', '', 0, '', '', '', '', 0, ''),
(271, 16, '日照市', 2, 0, 0, '', 0, 0, '', '', '', '', '', '', 0, '', '', 0, '', '', '', '', 0, ''),
(272, 16, '莱芜市', 2, 0, 0, '', 0, 0, '', '', '', '', '', '', 0, '', '', 0, '', '', '', '', 0, ''),
(273, 16, '临沂市', 2, 0, 0, '', 0, 0, '', '', '', '', '', '', 0, '', '', 0, '', '', '', '', 0, ''),
(274, 16, '德州市', 2, 0, 0, '', 0, 0, '', '', '', '', '', '', 0, '', '', 0, '', '', '', '', 0, ''),
(275, 16, '聊城市', 2, 0, 0, '', 0, 0, '', '', '', '', '', '', 0, '', '', 0, '', '', '', '', 0, ''),
(276, 16, '滨州市', 2, 0, 0, '', 0, 0, '', '', '', '', '', '', 0, '', '', 0, '', '', '', '', 0, ''),
(277, 16, '荷泽市', 2, 0, 0, '', 0, 0, '', '', '', '', '', '', 0, '', '', 0, '', '', '', '', 0, ''),
(278, 17, '郑州市', 2, 0, 0, '', 0, 0, '', '', '', '', '', '', 0, '', '', 0, '', '', '', '', 0, ''),
(279, 17, '开封市', 2, 0, 0, '', 0, 0, '', '', '', '', '', '', 0, '', '', 0, '', '', '', '', 0, ''),
(280, 17, '洛阳市', 2, 0, 0, '', 0, 0, '', '', '', '', '', '', 0, '', '', 0, '', '', '', '', 0, ''),
(281, 17, '平顶山市', 2, 0, 0, '', 0, 0, '', '', '', '', '', '', 0, '', '', 0, '', '', '', '', 0, ''),
(282, 17, '安阳市', 2, 0, 0, '', 0, 0, '', '', '', '', '', '', 0, '', '', 0, '', '', '', '', 0, ''),
(283, 17, '鹤壁市', 2, 0, 0, '', 0, 0, '', '', '', '', '', '', 0, '', '', 0, '', '', '', '', 0, ''),
(284, 17, '新乡市', 2, 0, 0, '', 0, 0, '', '', '', '', '', '', 0, '', '', 0, '', '', '', '', 0, ''),
(285, 17, '焦作市', 2, 0, 0, '', 0, 0, '', '', '', '', '', '', 0, '', '', 0, '', '', '', '', 0, ''),
(286, 17, '濮阳市', 2, 0, 0, '', 0, 0, '', '', '', '', '', '', 0, '', '', 0, '', '', '', '', 0, ''),
(287, 17, '许昌市', 2, 0, 0, '', 0, 0, '', '', '', '', '', '', 0, '', '', 0, '', '', '', '', 0, ''),
(288, 17, '漯河市', 2, 0, 0, '', 0, 0, '', '', '', '', '', '', 0, '', '', 0, '', '', '', '', 0, ''),
(289, 17, '三门峡市', 2, 0, 0, '', 0, 0, '', '', '', '', '', '', 0, '', '', 0, '', '', '', '', 0, ''),
(290, 17, '南阳市', 2, 0, 0, '', 0, 0, '', '', '', '', '', '', 0, '', '', 0, '', '', '', '', 0, ''),
(291, 17, '商丘市', 2, 0, 0, '', 0, 0, '', '', '', '', '', '', 0, '', '', 0, '', '', '', '', 0, ''),
(292, 17, '信阳市', 2, 0, 0, '', 0, 0, '', '', '', '', '', '', 0, '', '', 0, '', '', '', '', 0, ''),
(293, 17, '周口市', 2, 0, 0, '', 0, 0, '', '', '', '', '', '', 0, '', '', 0, '', '', '', '', 0, ''),
(294, 17, '驻马店市', 2, 0, 0, '', 0, 0, '', '', '', '', '', '', 0, '', '', 0, '', '', '', '', 0, ''),
(295, 18, '武汉市', 2, 0, 0, '', 0, 0, '', '', '', '', '', '', 0, '', '', 0, '', '', '', '', 0, ''),
(296, 18, '黄石市', 2, 0, 0, '', 0, 0, '', '', '', '', '', '', 0, '', '', 0, '', '', '', '', 0, ''),
(297, 18, '十堰市', 2, 0, 0, '', 0, 0, '', '', '', '', '', '', 0, '', '', 0, '', '', '', '', 0, ''),
(298, 18, '宜昌市', 2, 0, 0, '', 0, 0, '', '', '', '', '', '', 0, '', '', 0, '', '', '', '', 0, ''),
(299, 18, '襄樊市', 2, 0, 0, '', 0, 0, '', '', '', '', '', '', 0, '', '', 0, '', '', '', '', 0, ''),
(300, 18, '鄂州市', 2, 0, 0, '', 0, 0, '', '', '', '', '', '', 0, '', '', 0, '', '', '', '', 0, ''),
(301, 18, '荆门市', 2, 0, 0, '', 0, 0, '', '', '', '', '', '', 0, '', '', 0, '', '', '', '', 0, ''),
(302, 18, '孝感市', 2, 0, 0, '', 0, 0, '', '', '', '', '', '', 0, '', '', 0, '', '', '', '', 0, ''),
(303, 18, '荆州市', 2, 0, 0, '', 0, 0, '', '', '', '', '', '', 0, '', '', 0, '', '', '', '', 0, ''),
(304, 18, '黄冈市', 2, 0, 0, '', 0, 0, '', '', '', '', '', '', 0, '', '', 0, '', '', '', '', 0, ''),
(305, 18, '咸宁市', 2, 0, 0, '', 0, 0, '', '', '', '', '', '', 0, '', '', 0, '', '', '', '', 0, ''),
(306, 18, '随州市', 2, 0, 0, '', 0, 0, '', '', '', '', '', '', 0, '', '', 0, '', '', '', '', 0, ''),
(307, 18, '恩施土家族苗族自治州', 2, 0, 0, '', 0, 0, '', '', '', '', '', '', 0, '', '', 0, '', '', '', '', 0, ''),
(308, 18, '仙桃市', 2, 0, 0, '', 0, 0, '', '', '', '', '', '', 0, '', '', 0, '', '', '', '', 0, ''),
(309, 18, '潜江市', 2, 0, 0, '', 0, 0, '', '', '', '', '', '', 0, '', '', 0, '', '', '', '', 0, ''),
(310, 18, '天门市', 2, 0, 0, '', 0, 0, '', '', '', '', '', '', 0, '', '', 0, '', '', '', '', 0, ''),
(311, 18, '神农架林区', 2, 0, 0, '', 0, 0, '', '', '', '', '', '', 0, '', '', 0, '', '', '', '', 0, ''),
(312, 19, '长沙市', 2, 0, 0, '', 0, 0, '', '', '', '', '', '', 0, '', '', 0, '', '', '', '', 0, ''),
(313, 19, '株洲市', 2, 0, 0, '', 0, 0, '', '', '', '', '', '', 0, '', '', 0, '', '', '', '', 0, ''),
(314, 19, '湘潭市', 2, 0, 0, '', 0, 0, '', '', '', '', '', '', 0, '', '', 0, '', '', '', '', 0, ''),
(315, 19, '衡阳市', 2, 0, 0, '', 0, 0, '', '', '', '', '', '', 0, '', '', 0, '', '', '', '', 0, ''),
(316, 19, '邵阳市', 2, 0, 0, '', 0, 0, '', '', '', '', '', '', 0, '', '', 0, '', '', '', '', 0, ''),
(317, 19, '岳阳市', 2, 0, 0, '', 0, 0, '', '', '', '', '', '', 0, '', '', 0, '', '', '', '', 0, ''),
(318, 19, '常德市', 2, 0, 0, '', 0, 0, '', '', '', '', '', '', 0, '', '', 0, '', '', '', '', 0, ''),
(319, 19, '张家界市', 2, 0, 0, '', 0, 0, '', '', '', '', '', '', 0, '', '', 0, '', '', '', '', 0, ''),
(320, 19, '益阳市', 2, 0, 0, '', 0, 0, '', '', '', '', '', '', 0, '', '', 0, '', '', '', '', 0, ''),
(321, 19, '郴州市', 2, 0, 0, '', 0, 0, '', '', '', '', '', '', 0, '', '', 0, '', '', '', '', 0, ''),
(322, 19, '永州市', 2, 0, 0, '', 0, 0, '', '', '', '', '', '', 0, '', '', 0, '', '', '', '', 0, ''),
(323, 19, '怀化市', 2, 0, 0, '', 0, 0, '', '', '', '', '', '', 0, '', '', 0, '', '', '', '', 0, ''),
(324, 19, '娄底市', 2, 0, 0, '', 0, 0, '', '', '', '', '', '', 0, '', '', 0, '', '', '', '', 0, ''),
(325, 19, '湘西土家族苗族自治州', 2, 0, 0, '', 0, 0, '', '', '', '', '', '', 0, '', '', 0, '', '', '', '', 0, ''),
(326, 20, '广州市', 2, 0, 0, '', 0, 0, '', '', '', '', '', '', 0, '', '', 0, '', '', '', '', 0, ''),
(327, 20, '韶关市', 2, 0, 0, '', 0, 0, '', '', '', '', '', '', 0, '', '', 0, '', '', '', '', 0, ''),
(328, 20, '深圳市', 2, 0, 0, '', 0, 0, '', '', '', '', '', '', 0, '', '', 0, '', '', '', '', 0, ''),
(329, 20, '珠海市', 2, 0, 0, '', 0, 0, '', '', '', '', '', '', 0, '', '', 0, '', '', '', '', 0, ''),
(330, 20, '汕头市', 2, 0, 0, '', 0, 0, '', '', '', '', '', '', 0, '', '', 0, '', '', '', '', 0, ''),
(331, 20, '佛山市', 2, 0, 0, '', 0, 0, '', '', '', '', '', '', 0, '', '', 0, '', '', '', '', 0, ''),
(332, 20, '江门市', 2, 0, 0, '', 0, 0, '', '', '', '', '', '', 0, '', '', 0, '', '', '', '', 0, ''),
(333, 20, '湛江市', 2, 0, 0, '', 0, 0, '', '', '', '', '', '', 0, '', '', 0, '', '', '', '', 0, ''),
(334, 20, '茂名市', 2, 0, 0, '', 0, 0, '', '', '', '', '', '', 0, '', '', 0, '', '', '', '', 0, ''),
(335, 20, '肇庆市', 2, 0, 0, '', 0, 0, '', '', '', '', '', '', 0, '', '', 0, '', '', '', '', 0, ''),
(336, 20, '惠州市', 2, 0, 0, '', 0, 0, '', '', '', '', '', '', 0, '', '', 0, '', '', '', '', 0, ''),
(337, 20, '梅州市', 2, 0, 0, '', 0, 0, '', '', '', '', '', '', 0, '', '', 0, '', '', '', '', 0, ''),
(338, 20, '汕尾市', 2, 0, 0, '', 0, 0, '', '', '', '', '', '', 0, '', '', 0, '', '', '', '', 0, ''),
(339, 20, '河源市', 2, 0, 0, '', 0, 0, '', '', '', '', '', '', 0, '', '', 0, '', '', '', '', 0, ''),
(340, 20, '阳江市', 2, 0, 0, '', 0, 0, '', '', '', '', '', '', 0, '', '', 0, '', '', '', '', 0, ''),
(341, 20, '清远市', 2, 0, 0, '', 0, 0, '', '', '', '', '', '', 0, '', '', 0, '', '', '', '', 0, ''),
(342, 20, '东莞市', 2, 0, 0, '', 0, 0, '', '', '', '', '', '', 0, '', '', 0, '', '', '', '', 0, ''),
(343, 20, '中山市', 2, 0, 0, '', 0, 0, '', '', '', '', '', '', 0, '', '', 0, '', '', '', '', 0, ''),
(344, 20, '潮州市', 2, 0, 0, '', 0, 0, '', '', '', '', '', '', 0, '', '', 0, '', '', '', '', 0, ''),
(345, 20, '揭阳市', 2, 0, 0, '', 0, 0, '', '', '', '', '', '', 0, '', '', 0, '', '', '', '', 0, ''),
(346, 20, '云浮市', 2, 0, 0, '', 0, 0, '', '', '', '', '', '', 0, '', '', 0, '', '', '', '', 0, ''),
(347, 21, '南宁市', 2, 0, 0, '', 0, 0, '', '', '', '', '', '', 0, '', '', 0, '', '', '', '', 0, ''),
(348, 21, '柳州市', 2, 0, 0, '', 0, 0, '', '', '', '', '', '', 0, '', '', 0, '', '', '', '', 0, ''),
(349, 21, '桂林市', 2, 0, 0, '', 0, 0, '', '', '', '', '', '', 0, '', '', 0, '', '', '', '', 0, ''),
(350, 21, '梧州市', 2, 0, 0, '', 0, 0, '', '', '', '', '', '', 0, '', '', 0, '', '', '', '', 0, ''),
(351, 21, '北海市', 2, 0, 0, '', 0, 0, '', '', '', '', '', '', 0, '', '', 0, '', '', '', '', 0, ''),
(352, 21, '防城港市', 2, 0, 0, '', 0, 0, '', '', '', '', '', '', 0, '', '', 0, '', '', '', '', 0, ''),
(353, 21, '钦州市', 2, 0, 0, '', 0, 0, '', '', '', '', '', '', 0, '', '', 0, '', '', '', '', 0, ''),
(354, 21, '贵港市', 2, 0, 0, '', 0, 0, '', '', '', '', '', '', 0, '', '', 0, '', '', '', '', 0, ''),
(355, 21, '玉林市', 2, 0, 0, '', 0, 0, '', '', '', '', '', '', 0, '', '', 0, '', '', '', '', 0, ''),
(356, 21, '百色市', 2, 0, 0, '', 0, 0, '', '', '', '', '', '', 0, '', '', 0, '', '', '', '', 0, ''),
(357, 21, '贺州市', 2, 0, 0, '', 0, 0, '', '', '', '', '', '', 0, '', '', 0, '', '', '', '', 0, ''),
(358, 21, '河池市', 2, 0, 0, '', 0, 0, '', '', '', '', '', '', 0, '', '', 0, '', '', '', '', 0, ''),
(359, 21, '来宾市', 2, 0, 0, '', 0, 0, '', '', '', '', '', '', 0, '', '', 0, '', '', '', '', 0, ''),
(360, 21, '崇左市', 2, 0, 0, '', 0, 0, '', '', '', '', '', '', 0, '', '', 0, '', '', '', '', 0, ''),
(361, 22, '海口市', 2, 0, 0, '', 0, 0, '', '', '', '', '', '', 0, '', '', 0, '', '', '', '', 0, ''),
(362, 22, '三亚市', 2, 0, 0, '', 0, 0, '', '', '', '', '', '', 0, '', '', 0, '', '', '', '', 0, ''),
(363, 22, '五指山市', 2, 0, 0, '', 0, 0, '', '', '', '', '', '', 0, '', '', 0, '', '', '', '', 0, ''),
(364, 22, '琼海市', 2, 0, 0, '', 0, 0, '', '', '', '', '', '', 0, '', '', 0, '', '', '', '', 0, ''),
(365, 22, '儋州市', 2, 0, 0, '', 0, 0, '', '', '', '', '', '', 0, '', '', 0, '', '', '', '', 0, ''),
(366, 22, '文昌市', 2, 0, 0, '', 0, 0, '', '', '', '', '', '', 0, '', '', 0, '', '', '', '', 0, ''),
(367, 22, '万宁市', 2, 0, 0, '', 0, 0, '', '', '', '', '', '', 0, '', '', 0, '', '', '', '', 0, ''),
(368, 22, '东方市', 2, 0, 0, '', 0, 0, '', '', '', '', '', '', 0, '', '', 0, '', '', '', '', 0, ''),
(369, 22, '定安县', 2, 0, 0, '', 0, 0, '', '', '', '', '', '', 0, '', '', 0, '', '', '', '', 0, ''),
(370, 22, '屯昌县', 2, 0, 0, '', 0, 0, '', '', '', '', '', '', 0, '', '', 0, '', '', '', '', 0, ''),
(371, 22, '澄迈县', 2, 0, 0, '', 0, 0, '', '', '', '', '', '', 0, '', '', 0, '', '', '', '', 0, ''),
(372, 22, '临高县', 2, 0, 0, '', 0, 0, '', '', '', '', '', '', 0, '', '', 0, '', '', '', '', 0, ''),
(373, 22, '白沙黎族自治县', 2, 0, 0, '', 0, 0, '', '', '', '', '', '', 0, '', '', 0, '', '', '', '', 0, ''),
(374, 22, '昌江黎族自治县', 2, 0, 0, '', 0, 0, '', '', '', '', '', '', 0, '', '', 0, '', '', '', '', 0, ''),
(375, 22, '乐东黎族自治县', 2, 0, 0, '', 0, 0, '', '', '', '', '', '', 0, '', '', 0, '', '', '', '', 0, ''),
(376, 22, '陵水黎族自治县', 2, 0, 0, '', 0, 0, '', '', '', '', '', '', 0, '', '', 0, '', '', '', '', 0, ''),
(377, 22, '保亭黎族苗族自治县', 2, 0, 0, '', 0, 0, '', '', '', '', '', '', 0, '', '', 0, '', '', '', '', 0, ''),
(378, 22, '琼中黎族苗族自治县', 2, 0, 0, '', 0, 0, '', '', '', '', '', '', 0, '', '', 0, '', '', '', '', 0, ''),
(379, 22, '西沙群岛', 2, 0, 0, '', 0, 0, '', '', '', '', '', '', 0, '', '', 0, '', '', '', '', 0, ''),
(380, 22, '南沙群岛', 2, 0, 0, '', 0, 0, '', '', '', '', '', '', 0, '', '', 0, '', '', '', '', 0, ''),
(381, 22, '中沙群岛的岛礁及其海域', 2, 0, 0, '', 0, 0, '', '', '', '', '', '', 0, '', '', 0, '', '', '', '', 0, ''),
(382, 23, '成都市', 2, 0, 0, '', 0, 0, '', '', '', '', '', '', 0, '', '', 0, '', '', '', '', 0, ''),
(383, 23, '自贡市', 2, 0, 0, '', 0, 0, '', '', '', '', '', '', 0, '', '', 0, '', '', '', '', 0, ''),
(384, 23, '攀枝花市', 2, 0, 0, '', 0, 0, '', '', '', '', '', '', 0, '', '', 0, '', '', '', '', 0, ''),
(385, 23, '泸州市', 2, 0, 0, '', 0, 0, '', '', '', '', '', '', 0, '', '', 0, '', '', '', '', 0, ''),
(386, 23, '德阳市', 2, 0, 0, '', 0, 0, '', '', '', '', '', '', 0, '', '', 0, '', '', '', '', 0, ''),
(387, 23, '绵阳市', 2, 0, 0, '', 0, 0, '', '', '', '', '', '', 0, '', '', 0, '', '', '', '', 0, ''),
(388, 23, '广元市', 2, 0, 0, '', 0, 0, '', '', '', '', '', '', 0, '', '', 0, '', '', '', '', 0, ''),
(389, 23, '遂宁市', 2, 0, 0, '', 0, 0, '', '', '', '', '', '', 0, '', '', 0, '', '', '', '', 0, ''),
(390, 23, '内江市', 2, 0, 0, '', 0, 0, '', '', '', '', '', '', 0, '', '', 0, '', '', '', '', 0, ''),
(391, 23, '乐山市', 2, 0, 0, '', 0, 0, '', '', '', '', '', '', 0, '', '', 0, '', '', '', '', 0, ''),
(392, 23, '南充市', 2, 0, 0, '', 0, 0, '', '', '', '', '', '', 0, '', '', 0, '', '', '', '', 0, ''),
(393, 23, '眉山市', 2, 0, 0, '', 0, 0, '', '', '', '', '', '', 0, '', '', 0, '', '', '', '', 0, ''),
(394, 23, '宜宾市', 2, 0, 0, '', 0, 0, '', '', '', '', '', '', 0, '', '', 0, '', '', '', '', 0, ''),
(395, 23, '广安市', 2, 0, 0, '', 0, 0, '', '', '', '', '', '', 0, '', '', 0, '', '', '', '', 0, ''),
(396, 23, '达州市', 2, 0, 0, '', 0, 0, '', '', '', '', '', '', 0, '', '', 0, '', '', '', '', 0, ''),
(397, 23, '雅安市', 2, 0, 0, '', 0, 0, '', '', '', '', '', '', 0, '', '', 0, '', '', '', '', 0, ''),
(398, 23, '巴中市', 2, 0, 0, '', 0, 0, '', '', '', '', '', '', 0, '', '', 0, '', '', '', '', 0, ''),
(399, 23, '资阳市', 2, 0, 0, '', 0, 0, '', '', '', '', '', '', 0, '', '', 0, '', '', '', '', 0, ''),
(400, 23, '阿坝藏族羌族自治州', 2, 0, 0, '', 0, 0, '', '', '', '', '', '', 0, '', '', 0, '', '', '', '', 0, ''),
(401, 23, '甘孜藏族自治州', 2, 0, 0, '', 0, 0, '', '', '', '', '', '', 0, '', '', 0, '', '', '', '', 0, ''),
(402, 23, '凉山彝族自治州', 2, 0, 0, '', 0, 0, '', '', '', '', '', '', 0, '', '', 0, '', '', '', '', 0, ''),
(403, 24, '贵阳市', 2, 0, 0, '', 0, 0, '', '', '', '', '', '', 0, '', '', 0, '', '', '', '', 0, ''),
(404, 24, '六盘水市', 2, 0, 0, '', 0, 0, '', '', '', '', '', '', 0, '', '', 0, '', '', '', '', 0, ''),
(405, 24, '遵义市', 2, 0, 0, '', 0, 0, '', '', '', '', '', '', 0, '', '', 0, '', '', '', '', 0, ''),
(406, 24, '安顺市', 2, 0, 0, '', 0, 0, '', '', '', '', '', '', 0, '', '', 0, '', '', '', '', 0, ''),
(407, 24, '铜仁地区', 2, 0, 0, '', 0, 0, '', '', '', '', '', '', 0, '', '', 0, '', '', '', '', 0, ''),
(408, 24, '黔西南布依族苗族自治州', 2, 0, 0, '', 0, 0, '', '', '', '', '', '', 0, '', '', 0, '', '', '', '', 0, ''),
(409, 24, '毕节地区', 2, 0, 0, '', 0, 0, '', '', '', '', '', '', 0, '', '', 0, '', '', '', '', 0, ''),
(410, 24, '黔东南苗族侗族自治州', 2, 0, 0, '', 0, 0, '', '', '', '', '', '', 0, '', '', 0, '', '', '', '', 0, ''),
(411, 24, '黔南布依族苗族自治州', 2, 0, 0, '', 0, 0, '', '', '', '', '', '', 0, '', '', 0, '', '', '', '', 0, ''),
(412, 25, '昆明市', 2, 0, 0, '', 0, 0, '', '', '', '', '', '', 0, '', '', 0, '', '', '', '', 0, ''),
(413, 25, '曲靖市', 2, 0, 0, '', 0, 0, '', '', '', '', '', '', 0, '', '', 0, '', '', '', '', 0, ''),
(414, 25, '玉溪市', 2, 0, 0, '', 0, 0, '', '', '', '', '', '', 0, '', '', 0, '', '', '', '', 0, ''),
(415, 25, '保山市', 2, 0, 0, '', 0, 0, '', '', '', '', '', '', 0, '', '', 0, '', '', '', '', 0, ''),
(416, 25, '昭通市', 2, 0, 0, '', 0, 0, '', '', '', '', '', '', 0, '', '', 0, '', '', '', '', 0, ''),
(417, 25, '丽江市', 2, 0, 0, '', 0, 0, '', '', '', '', '', '', 0, '', '', 0, '', '', '', '', 0, ''),
(418, 25, '思茅市', 2, 0, 0, '', 0, 0, '', '', '', '', '', '', 0, '', '', 0, '', '', '', '', 0, ''),
(419, 25, '临沧市', 2, 0, 0, '', 0, 0, '', '', '', '', '', '', 0, '', '', 0, '', '', '', '', 0, ''),
(420, 25, '楚雄彝族自治州', 2, 0, 0, '', 0, 0, '', '', '', '', '', '', 0, '', '', 0, '', '', '', '', 0, ''),
(421, 25, '红河哈尼族彝族自治州', 2, 0, 0, '', 0, 0, '', '', '', '', '', '', 0, '', '', 0, '', '', '', '', 0, ''),
(422, 25, '文山壮族苗族自治州', 2, 0, 0, '', 0, 0, '', '', '', '', '', '', 0, '', '', 0, '', '', '', '', 0, ''),
(423, 25, '西双版纳傣族自治州', 2, 0, 0, '', 0, 0, '', '', '', '', '', '', 0, '', '', 0, '', '', '', '', 0, ''),
(424, 25, '大理白族自治州', 2, 0, 0, '', 0, 0, '', '', '', '', '', '', 0, '', '', 0, '', '', '', '', 0, ''),
(425, 25, '德宏傣族景颇族自治州', 2, 0, 0, '', 0, 0, '', '', '', '', '', '', 0, '', '', 0, '', '', '', '', 0, ''),
(426, 25, '怒江傈僳族自治州', 2, 0, 0, '', 0, 0, '', '', '', '', '', '', 0, '', '', 0, '', '', '', '', 0, ''),
(427, 25, '迪庆藏族自治州', 2, 0, 0, '', 0, 0, '', '', '', '', '', '', 0, '', '', 0, '', '', '', '', 0, ''),
(428, 26, '拉萨市', 2, 0, 0, '', 0, 0, '', '', '', '', '', '', 0, '', '', 0, '', '', '', '', 0, ''),
(429, 26, '昌都地区', 2, 0, 0, '', 0, 0, '', '', '', '', '', '', 0, '', '', 0, '', '', '', '', 0, ''),
(430, 26, '山南地区', 2, 0, 0, '', 0, 0, '', '', '', '', '', '', 0, '', '', 0, '', '', '', '', 0, ''),
(431, 26, '日喀则地区', 2, 0, 0, '', 0, 0, '', '', '', '', '', '', 0, '', '', 0, '', '', '', '', 0, ''),
(432, 26, '那曲地区', 2, 0, 0, '', 0, 0, '', '', '', '', '', '', 0, '', '', 0, '', '', '', '', 0, ''),
(433, 26, '阿里地区', 2, 0, 0, '', 0, 0, '', '', '', '', '', '', 0, '', '', 0, '', '', '', '', 0, ''),
(434, 26, '林芝地区', 2, 0, 0, '', 0, 0, '', '', '', '', '', '', 0, '', '', 0, '', '', '', '', 0, ''),
(435, 27, '西安市', 2, 0, 0, '', 0, 0, '', '', '', '', '', '', 0, '', '', 0, '', '', '', '', 0, ''),
(436, 27, '铜川市', 2, 0, 0, '', 0, 0, '', '', '', '', '', '', 0, '', '', 0, '', '', '', '', 0, ''),
(437, 27, '宝鸡市', 2, 0, 0, '', 0, 0, '', '', '', '', '', '', 0, '', '', 0, '', '', '', '', 0, ''),
(438, 27, '咸阳市', 2, 0, 0, '', 0, 0, '', '', '', '', '', '', 0, '', '', 0, '', '', '', '', 0, ''),
(439, 27, '渭南市', 2, 0, 0, '', 0, 0, '', '', '', '', '', '', 0, '', '', 0, '', '', '', '', 0, ''),
(440, 27, '延安市', 2, 0, 0, '', 0, 0, '', '', '', '', '', '', 0, '', '', 0, '', '', '', '', 0, ''),
(441, 27, '汉中市', 2, 0, 0, '', 0, 0, '', '', '', '', '', '', 0, '', '', 0, '', '', '', '', 0, ''),
(442, 27, '榆林市', 2, 0, 0, '', 0, 0, '', '', '', '', '', '', 0, '', '', 0, '', '', '', '', 0, ''),
(443, 27, '安康市', 2, 0, 0, '', 0, 0, '', '', '', '', '', '', 0, '', '', 0, '', '', '', '', 0, ''),
(444, 27, '商洛市', 2, 0, 0, '', 0, 0, '', '', '', '', '', '', 0, '', '', 0, '', '', '', '', 0, ''),
(445, 28, '兰州市', 2, 0, 0, '', 0, 0, '', '', '', '', '', '', 0, '', '', 0, '', '', '', '', 0, ''),
(446, 28, '嘉峪关市', 2, 0, 0, '', 0, 0, '', '', '', '', '', '', 0, '', '', 0, '', '', '', '', 0, ''),
(447, 28, '金昌市', 2, 0, 0, '', 0, 0, '', '', '', '', '', '', 0, '', '', 0, '', '', '', '', 0, ''),
(448, 28, '白银市', 2, 0, 0, '', 0, 0, '', '', '', '', '', '', 0, '', '', 0, '', '', '', '', 0, ''),
(449, 28, '天水市', 2, 0, 0, '', 0, 0, '', '', '', '', '', '', 0, '', '', 0, '', '', '', '', 0, ''),
(450, 28, '武威市', 2, 0, 0, '', 0, 0, '', '', '', '', '', '', 0, '', '', 0, '', '', '', '', 0, ''),
(451, 28, '张掖市', 2, 0, 0, '', 0, 0, '', '', '', '', '', '', 0, '', '', 0, '', '', '', '', 0, ''),
(452, 28, '平凉市', 2, 0, 0, '', 0, 0, '', '', '', '', '', '', 0, '', '', 0, '', '', '', '', 0, ''),
(453, 28, '酒泉市', 2, 0, 0, '', 0, 0, '', '', '', '', '', '', 0, '', '', 0, '', '', '', '', 0, ''),
(454, 28, '庆阳市', 2, 0, 0, '', 0, 0, '', '', '', '', '', '', 0, '', '', 0, '', '', '', '', 0, ''),
(455, 28, '定西市', 2, 0, 0, '', 0, 0, '', '', '', '', '', '', 0, '', '', 0, '', '', '', '', 0, ''),
(456, 28, '陇南市', 2, 0, 0, '', 0, 0, '', '', '', '', '', '', 0, '', '', 0, '', '', '', '', 0, ''),
(457, 28, '临夏回族自治州', 2, 0, 0, '', 0, 0, '', '', '', '', '', '', 0, '', '', 0, '', '', '', '', 0, ''),
(458, 28, '甘南藏族自治州', 2, 0, 0, '', 0, 0, '', '', '', '', '', '', 0, '', '', 0, '', '', '', '', 0, ''),
(459, 29, '西宁市', 2, 0, 0, '', 0, 0, '', '', '', '', '', '', 0, '', '', 0, '', '', '', '', 0, ''),
(460, 29, '海东地区', 2, 0, 0, '', 0, 0, '', '', '', '', '', '', 0, '', '', 0, '', '', '', '', 0, ''),
(461, 29, '海北藏族自治州', 2, 0, 0, '', 0, 0, '', '', '', '', '', '', 0, '', '', 0, '', '', '', '', 0, ''),
(462, 29, '黄南藏族自治州', 2, 0, 0, '', 0, 0, '', '', '', '', '', '', 0, '', '', 0, '', '', '', '', 0, ''),
(463, 29, '海南藏族自治州', 2, 0, 0, '', 0, 0, '', '', '', '', '', '', 0, '', '', 0, '', '', '', '', 0, ''),
(464, 29, '果洛藏族自治州', 2, 0, 0, '', 0, 0, '', '', '', '', '', '', 0, '', '', 0, '', '', '', '', 0, ''),
(465, 29, '玉树藏族自治州', 2, 0, 0, '', 0, 0, '', '', '', '', '', '', 0, '', '', 0, '', '', '', '', 0, ''),
(466, 29, '海西蒙古族藏族自治州', 2, 0, 0, '', 0, 0, '', '', '', '', '', '', 0, '', '', 0, '', '', '', '', 0, ''),
(467, 30, '银川市', 2, 0, 0, '', 0, 0, '', '', '', '', '', '', 0, '', '', 0, '', '', '', '', 0, ''),
(468, 30, '石嘴山市', 2, 0, 0, '', 0, 0, '', '', '', '', '', '', 0, '', '', 0, '', '', '', '', 0, ''),
(469, 30, '吴忠市', 2, 0, 0, '', 0, 0, '', '', '', '', '', '', 0, '', '', 0, '', '', '', '', 0, ''),
(470, 30, '固原市', 2, 0, 0, '', 0, 0, '', '', '', '', '', '', 0, '', '', 0, '', '', '', '', 0, ''),
(471, 30, '中卫市', 2, 0, 0, '', 0, 0, '', '', '', '', '', '', 0, '', '', 0, '', '', '', '', 0, ''),
(472, 31, '乌鲁木齐市', 2, 0, 0, '', 0, 0, '', '', '', '', '', '', 0, '', '', 0, '', '', '', '', 0, ''),
(473, 31, '克拉玛依市', 2, 0, 0, '', 0, 0, '', '', '', '', '', '', 0, '', '', 0, '', '', '', '', 0, ''),
(474, 31, '吐鲁番地区', 2, 0, 0, '', 0, 0, '', '', '', '', '', '', 0, '', '', 0, '', '', '', '', 0, ''),
(475, 31, '哈密地区', 2, 0, 0, '', 0, 0, '', '', '', '', '', '', 0, '', '', 0, '', '', '', '', 0, ''),
(476, 31, '昌吉回族自治州', 2, 0, 0, '', 0, 0, '', '', '', '', '', '', 0, '', '', 0, '', '', '', '', 0, ''),
(477, 31, '博尔塔拉蒙古自治州', 2, 0, 0, '', 0, 0, '', '', '', '', '', '', 0, '', '', 0, '', '', '', '', 0, ''),
(478, 31, '巴音郭楞蒙古自治州', 2, 0, 0, '', 0, 0, '', '', '', '', '', '', 0, '', '', 0, '', '', '', '', 0, ''),
(479, 31, '阿克苏地区', 2, 0, 0, '', 0, 0, '', '', '', '', '', '', 0, '', '', 0, '', '', '', '', 0, ''),
(480, 31, '克孜勒苏柯尔克孜自治州', 2, 0, 0, '', 0, 0, '', '', '', '', '', '', 0, '', '', 0, '', '', '', '', 0, '');
INSERT INTO `p8_area` (`fid`, `fup`, `name`, `class`, `sons`, `type`, `admin`, `list`, `listorder`, `passwd`, `logo`, `descrip`, `style`, `template`, `jumpurl`, `maxperpage`, `metakeywords`, `metadescription`, `allowcomment`, `allowpost`, `allowviewtitle`, `allowviewcontent`, `allowdownload`, `forbidshow`, `config`) VALUES
(481, 31, '喀什地区', 2, 0, 0, '', 0, 0, '', '', '', '', '', '', 0, '', '', 0, '', '', '', '', 0, ''),
(482, 31, '和田地区', 2, 0, 0, '', 0, 0, '', '', '', '', '', '', 0, '', '', 0, '', '', '', '', 0, ''),
(483, 31, '伊犁哈萨克自治州', 2, 0, 0, '', 0, 0, '', '', '', '', '', '', 0, '', '', 0, '', '', '', '', 0, ''),
(484, 31, '塔城地区', 2, 0, 0, '', 0, 0, '', '', '', '', '', '', 0, '', '', 0, '', '', '', '', 0, ''),
(485, 31, '阿勒泰地区', 2, 0, 0, '', 0, 0, '', '', '', '', '', '', 0, '', '', 0, '', '', '', '', 0, ''),
(486, 31, '石河子市', 2, 0, 0, '', 0, 0, '', '', '', '', '', '', 0, '', '', 0, '', '', '', '', 0, ''),
(487, 31, '阿拉尔市', 2, 0, 0, '', 0, 0, '', '', '', '', '', '', 0, '', '', 0, '', '', '', '', 0, ''),
(488, 31, '图木舒克市', 2, 0, 0, '', 0, 0, '', '', '', '', '', '', 0, '', '', 0, '', '', '', '', 0, ''),
(489, 31, '五家渠市', 2, 0, 0, '', 0, 0, '', '', '', '', '', '', 0, '', '', 0, '', '', '', '', 0, ''),
(490, 32, '台北市', 2, 0, 0, '', 0, 0, '', '', '', '', '', '', 0, '', '', 0, '', '', '', '', 0, ''),
(491, 32, '高雄市', 2, 0, 0, '', 0, 0, '', '', '', '', '', '', 0, '', '', 0, '', '', '', '', 0, ''),
(492, 32, '基隆市', 2, 0, 0, '', 0, 0, '', '', '', '', '', '', 0, '', '', 0, '', '', '', '', 0, ''),
(493, 32, '新竹市', 2, 0, 0, '', 0, 0, '', '', '', '', '', '', 0, '', '', 0, '', '', '', '', 0, ''),
(494, 32, '台中市', 2, 0, 0, '', 0, 0, '', '', '', '', '', '', 0, '', '', 0, '', '', '', '', 0, ''),
(495, 32, '嘉义市', 2, 0, 0, '', 0, 0, '', '', '', '', '', '', 0, '', '', 0, '', '', '', '', 0, ''),
(496, 32, '台南市', 2, 0, 0, '', 0, 0, '', '', '', '', '', '', 0, '', '', 0, '', '', '', '', 0, ''),
(497, 32, '台北县', 2, 0, 0, '', 0, 0, '', '', '', '', '', '', 0, '', '', 0, '', '', '', '', 0, ''),
(498, 32, '桃园县', 2, 0, 0, '', 0, 0, '', '', '', '', '', '', 0, '', '', 0, '', '', '', '', 0, ''),
(499, 32, '新竹县', 2, 0, 0, '', 0, 0, '', '', '', '', '', '', 0, '', '', 0, '', '', '', '', 0, ''),
(500, 32, '苗栗县', 2, 0, 0, '', 0, 0, '', '', '', '', '', '', 0, '', '', 0, '', '', '', '', 0, ''),
(501, 32, '台中县', 2, 0, 0, '', 0, 0, '', '', '', '', '', '', 0, '', '', 0, '', '', '', '', 0, ''),
(502, 32, '彰化县', 2, 0, 0, '', 0, 0, '', '', '', '', '', '', 0, '', '', 0, '', '', '', '', 0, ''),
(503, 32, '南投县', 2, 0, 0, '', 0, 0, '', '', '', '', '', '', 0, '', '', 0, '', '', '', '', 0, ''),
(504, 32, '云林县', 2, 0, 0, '', 0, 0, '', '', '', '', '', '', 0, '', '', 0, '', '', '', '', 0, ''),
(505, 32, '嘉义县', 2, 0, 0, '', 0, 0, '', '', '', '', '', '', 0, '', '', 0, '', '', '', '', 0, ''),
(506, 32, '台南县', 2, 0, 0, '', 0, 0, '', '', '', '', '', '', 0, '', '', 0, '', '', '', '', 0, ''),
(507, 32, '高雄县', 2, 0, 0, '', 0, 0, '', '', '', '', '', '', 0, '', '', 0, '', '', '', '', 0, ''),
(508, 32, '屏东县', 2, 0, 0, '', 0, 0, '', '', '', '', '', '', 0, '', '', 0, '', '', '', '', 0, ''),
(509, 32, '宜兰县', 2, 0, 0, '', 0, 0, '', '', '', '', '', '', 0, '', '', 0, '', '', '', '', 0, ''),
(510, 32, '花莲县', 2, 0, 0, '', 0, 0, '', '', '', '', '', '', 0, '', '', 0, '', '', '', '', 0, ''),
(511, 32, '台东县', 2, 0, 0, '', 0, 0, '', '', '', '', '', '', 0, '', '', 0, '', '', '', '', 0, ''),
(512, 32, '澎湖县', 2, 0, 0, '', 0, 0, '', '', '', '', '', '', 0, '', '', 0, '', '', '', '', 0, ''),
(513, 32, '金门县', 2, 0, 0, '', 0, 0, '', '', '', '', '', '', 0, '', '', 0, '', '', '', '', 0, ''),
(514, 32, '连江县', 2, 0, 0, '', 0, 0, '', '', '', '', '', '', 0, '', '', 0, '', '', '', '', 0, ''),
(515, 33, '中西区', 2, 0, 0, '', 0, 0, '', '', '', '', '', '', 0, '', '', 0, '', '', '', '', 0, ''),
(516, 33, '东区', 2, 0, 0, '', 0, 0, '', '', '', '', '', '', 0, '', '', 0, '', '', '', '', 0, ''),
(517, 33, '南区', 2, 0, 0, '', 0, 0, '', '', '', '', '', '', 0, '', '', 0, '', '', '', '', 0, ''),
(518, 33, '湾仔区', 2, 0, 0, '', 0, 0, '', '', '', '', '', '', 0, '', '', 0, '', '', '', '', 0, ''),
(519, 33, '九龙城区', 2, 0, 0, '', 0, 0, '', '', '', '', '', '', 0, '', '', 0, '', '', '', '', 0, ''),
(520, 33, '观塘区', 2, 0, 0, '', 0, 0, '', '', '', '', '', '', 0, '', '', 0, '', '', '', '', 0, ''),
(521, 33, '深水埗区', 2, 0, 0, '', 0, 0, '', '', '', '', '', '', 0, '', '', 0, '', '', '', '', 0, ''),
(522, 33, '黄大仙区', 2, 0, 0, '', 0, 0, '', '', '', '', '', '', 0, '', '', 0, '', '', '', '', 0, ''),
(523, 33, '油尖旺区', 2, 0, 0, '', 0, 0, '', '', '', '', '', '', 0, '', '', 0, '', '', '', '', 0, ''),
(524, 33, '离岛区', 2, 0, 0, '', 0, 0, '', '', '', '', '', '', 0, '', '', 0, '', '', '', '', 0, ''),
(525, 33, '葵青区', 2, 0, 0, '', 0, 0, '', '', '', '', '', '', 0, '', '', 0, '', '', '', '', 0, ''),
(526, 33, '北区', 2, 0, 0, '', 0, 0, '', '', '', '', '', '', 0, '', '', 0, '', '', '', '', 0, ''),
(527, 33, '西贡区', 2, 0, 0, '', 0, 0, '', '', '', '', '', '', 0, '', '', 0, '', '', '', '', 0, ''),
(528, 33, '沙田区', 2, 0, 0, '', 0, 0, '', '', '', '', '', '', 0, '', '', 0, '', '', '', '', 0, ''),
(529, 33, '大埔区', 2, 0, 0, '', 0, 0, '', '', '', '', '', '', 0, '', '', 0, '', '', '', '', 0, ''),
(530, 33, '荃湾区', 2, 0, 0, '', 0, 0, '', '', '', '', '', '', 0, '', '', 0, '', '', '', '', 0, ''),
(531, 33, '屯门区', 2, 0, 0, '', 0, 0, '', '', '', '', '', '', 0, '', '', 0, '', '', '', '', 0, ''),
(532, 33, '元朗区', 2, 0, 0, '', 0, 0, '', '', '', '', '', '', 0, '', '', 0, '', '', '', '', 0, ''),
(533, 34, '澳门市花地玛堂区', 2, 0, 0, '', 0, 0, '', '', '', '', '', '', 0, '', '', 0, '', '', '', '', 0, ''),
(534, 34, '澳门市圣安多尼堂区', 2, 0, 0, '', 0, 0, '', '', '', '', '', '', 0, '', '', 0, '', '', '', '', 0, ''),
(535, 34, '澳门市大堂区', 2, 0, 0, '', 0, 0, '', '', '', '', '', '', 0, '', '', 0, '', '', '', '', 0, ''),
(536, 34, '澳门市望德堂区', 2, 0, 0, '', 0, 0, '', '', '', '', '', '', 0, '', '', 0, '', '', '', '', 0, ''),
(537, 34, '澳门市风顺堂区', 2, 0, 0, '', 0, 0, '', '', '', '', '', '', 0, '', '', 0, '', '', '', '', 0, '');

-- --------------------------------------------------------

--
-- 表的结构 `p8_article_db`
--

CREATE TABLE IF NOT EXISTS `p8_article_db` (
  `aid` int(10) NOT NULL auto_increment,
  PRIMARY KEY  (`aid`)
) ENGINE=MyISAM  DEFAULT CHARSET=utf8 AUTO_INCREMENT=605 ;

--
-- 转存表中的数据 `p8_article_db`
--

INSERT INTO `p8_article_db` (`aid`) VALUES
(519),
(520),
(521),
(522),
(523),
(524),
(529),
(530),
(531),
(532),
(535),
(536),
(537),
(538),
(539),
(540),
(541),
(542),
(544),
(545),
(546),
(547),
(548),
(549),
(550),
(551),
(552),
(553),
(554),
(555),
(556),
(557),
(558),
(559),
(560),
(561),
(562),
(563),
(564),
(565),
(566),
(567),
(568),
(569),
(570),
(571),
(572),
(573),
(574),
(575),
(576),
(577),
(578),
(579),
(580),
(581),
(582),
(583),
(584),
(585),
(586),
(587),
(588),
(589),
(590),
(591),
(592),
(593),
(594),
(595),
(596),
(597),
(598),
(599),
(600),
(601),
(603),
(604);

-- --------------------------------------------------------

--
-- 表的结构 `p8_article_module`
--

CREATE TABLE IF NOT EXISTS `p8_article_module` (
  `id` smallint(4) NOT NULL auto_increment,
  `name` varchar(50) NOT NULL default '',
  `alias` varchar(30) NOT NULL default '',
  `list` smallint(4) NOT NULL default '0',
  `allowpost` varchar(255) NOT NULL default '',
  `style` varchar(30) NOT NULL default '',
  `template` varchar(255) NOT NULL default '',
  `config` mediumtext NOT NULL,
  `keywords` varchar(30) NOT NULL default '',
  `ifclose` tinyint(1) NOT NULL default '0',
  `iftable` mediumint(4) NOT NULL default '0',
  PRIMARY KEY  (`id`)
) ENGINE=MyISAM DEFAULT CHARSET=utf8 AUTO_INCREMENT=1 ;

--
-- 转存表中的数据 `p8_article_module`
--


-- --------------------------------------------------------

--
-- 表的结构 `p8_channel`
--

CREATE TABLE IF NOT EXISTS `p8_channel` (
  `id` smallint(4) NOT NULL auto_increment,
  `type` tinyint(2) NOT NULL default '0',
  `sort` smallint(4) NOT NULL default '0',
  `name` varchar(30) NOT NULL default '',
  `path` varchar(30) NOT NULL default '',
  `phpname` varchar(255) NOT NULL default '',
  `htmlname` varchar(255) NOT NULL default '',
  `fids` varchar(255) NOT NULL default '',
  `showfid` varchar(150) NOT NULL default '',
  `style` varchar(15) NOT NULL default '',
  `head_tpl` varchar(255) NOT NULL default '',
  `main_tpl` varchar(255) NOT NULL default '',
  `foot_tpl` varchar(255) NOT NULL default '',
  `url` varchar(150) NOT NULL default '',
  `logo` varchar(150) NOT NULL default '',
  `descrip` text NOT NULL,
  `admin` varchar(150) NOT NULL default '',
  `list` int(10) NOT NULL default '0',
  `config` text NOT NULL,
  PRIMARY KEY  (`id`)
) ENGINE=MyISAM  DEFAULT CHARSET=utf8 AUTO_INCREMENT=2 ;

--
-- 转存表中的数据 `p8_channel`
--

INSERT INTO `p8_channel` (`id`, `type`, `sort`, `name`, `path`, `phpname`, `htmlname`, `fids`, `showfid`, `style`, `head_tpl`, `main_tpl`, `foot_tpl`, `url`, `logo`, `descrip`, `admin`, `list`, `config`) VALUES
(1, 0, 0, '', './', '', 'index.htm', '', '', '', '', '', '', '', '', '', '', 0, 'a:5:{s:4:"line";s:1:"3";s:4:"rows";s:1:"8";s:4:"leng";s:2:"34";s:5:"order";s:4:"list";s:8:"fid_list";N;}');

-- --------------------------------------------------------

--
-- 表的结构 `p8_collection`
--

CREATE TABLE IF NOT EXISTS `p8_collection` (
  `id` mediumint(7) NOT NULL auto_increment,
  `aid` int(10) NOT NULL default '0',
  `uid` mediumint(7) NOT NULL default '0',
  `posttime` int(10) NOT NULL default '0',
  PRIMARY KEY  (`id`)
) ENGINE=MyISAM DEFAULT CHARSET=utf8 AUTO_INCREMENT=1 ;

--
-- 转存表中的数据 `p8_collection`
--


-- --------------------------------------------------------

--
-- 表的结构 `p8_comment`
--

CREATE TABLE IF NOT EXISTS `p8_comment` (
  `cid` mediumint(7) unsigned NOT NULL auto_increment,
  `aid` int(10) unsigned NOT NULL default '0',
  `fid` mediumint(7) unsigned NOT NULL default '0',
  `authorid` mediumint(7) NOT NULL default '0',
  `uid` mediumint(7) unsigned NOT NULL default '0',
  `username` varchar(30) NOT NULL default '',
  `posttime` int(10) NOT NULL default '0',
  `content` text NOT NULL,
  `ip` varchar(15) NOT NULL default '',
  `icon` tinyint(3) NOT NULL default '0',
  `yz` tinyint(1) NOT NULL default '0',
  `ifcom` tinyint(1) NOT NULL default '0',
  `agree` mediumint(5) NOT NULL default '0',
  `disagree` mediumint(5) NOT NULL default '0',
  PRIMARY KEY  (`cid`),
  KEY `aid` (`aid`),
  KEY `fid` (`fid`),
  KEY `uid` (`uid`),
  KEY `ifcom` (`ifcom`)
) ENGINE=MyISAM DEFAULT CHARSET=utf8 AUTO_INCREMENT=1 ;

--
-- 转存表中的数据 `p8_comment`
--


-- --------------------------------------------------------

--
-- 表的结构 `p8_config`
--

CREATE TABLE IF NOT EXISTS `p8_config` (
  `c_key` varchar(50) NOT NULL default '',
  `c_value` text NOT NULL,
  `c_descrip` text NOT NULL,
  PRIMARY KEY  (`c_key`)
) ENGINE=MyISAM DEFAULT CHARSET=utf8;

--
-- 转存表中的数据 `p8_config`
--

INSERT INTO `p8_config` (`c_key`, `c_value`, `c_descrip`) VALUES
('yzImgComment', '0', ''),
('flashtime', '0', ''),
('showComment', '1', ''),
('forbidComment', '0', ''),
('showCommentRows', '8', ''),
('viewNoPassGuestBook', '1', ''),
('yzImgContribute', '0', ''),
('groupPassContribute', '3', ''),
('forbidRegName', '', ''),
('forbidReg', '0', ''),
('MaxOnlineUser', '1000', ''),
('groupPassShopYz', '3,4', ''),
('groupPassPassGuestBook', '3', ''),
('ifOpenGuestBook', '1', ''),
('yzImgGuestBook', '1', ''),
('ContributeFid', '2', ''),
('SPbencandy_filename', 'html/5special{$fid}/show{$id}.htm', ''),
('groupPassLogYz', '3,4', ''),
('is_waterimg', '0', ''),
('limitRegTime', '', ''),
('FtpPort', '21', ''),
('PostSortStep', '2', ''),
('ListSonline', '2', ''),
('_Notice', '29weSgiaHR0cDovL3d3dy5waHAxNjguY29tL05vdGljZS8/dXJsPSR3ZWJkYlt3d3dfdXJsXSIsUEhQMTY4X1BBVEguImNhY2hlL05vdGljZS5waHAiKTs=', ''),
('CommentTime', '5', ''),
('JsListRows', '5', ''),
('JsListLeng', '36', ''),
('ListSonRows', '9', ''),
('ListSonLeng', '34', ''),
('weburl', '/', ''),
('MailType', 'smtp', ''),
('MailServer', 'smtp.qq.com', ''),
('MailPort', '25', ''),
('yeepay_id', '10000821064', ''),
('yeepay_key', 've4ets3huzxruch0tsf6nga7a2lpckm8h9p7qnefj31q49ms8bhl3qin6q0g', ''),
('allowMemberCommentPass', '1', ''),
('Listsortnameline', '2', ''),
('AvoidGatherPre', '', ''),
('AvoidCopy', '0', ''),
('AvoidGather', '0', ''),
('AvoidSave', '0', ''),
('AvoidGatherString', '', ''),
('waterimg', 'images/default/water.gif', ''),
('adminPostEditType', 'html', ''),
('article_show_step', '0', ''),
('ifContribute', '1', ''),
('allowGuestSearch', '0', ''),
('DefaultIndexHtml', '0', ''),
('kill_badword', '0', ''),
('KeepTodayCount', '0', ''),
('close_count', '1', ''),
('ShowKeywordColor', '#F70968', ''),
('ifShowKeyword', '1', ''),
('UseFtp', '0', ''),
('FtpDir', '111', ''),
('FtpWeb', '', ''),
('FtpPwd', 'admin', ''),
('FtpName', 'admin', ''),
('passport_type', '', ''),
('ListLeng', '70', ''),
('showsortlogo', '0', ''),
('yzImgReg', '1', ''),
('forbidRegIp', '', ''),
('allowGuestCommentPass', '1', ''),
('ShowMenu', '0', ''),
('GuestBookNum', '8', ''),
('ShopEmsSend', '25', ''),
('ShopOtherSend', '18', ''),
('groupUpType', '0', ''),
('groupTime', '180', ''),
('SideTitleStyle', 'side_tpl/2', ''),
('list_filename2', 'list.php?fid-{$fid}-page-{$page}.htm', ''),
('SPlist_filename', 'html/4special{$fid}/list{$page}.htm', ''),
('if_gdimg', '1', ''),
('guide_word', '首页|/|0||51\r\n新闻|list.php?fid=1|0||9\r\n图片|list.php?fid=9|0||10\r\n下载|list.php?fid=11|0||11\r\n影视|list.php?fid=13|0||12\r\n商城|list.php?fid=15|0||13\r\nFLASH|list.php?fid=17|0||14\r\n产品|list.php?fid=29|0||52\r\n考评|/do/exam_write.php?id=3|0||54', ''),
('HideNopowerPost', '1', ''),
('listPicRows', '5', ''),
('SideSortStyle', 'side_sort/2', ''),
('labelsort_show_step', '0', ''),
('CommentOrderType', '0', ''),
('showNoPassComment', '0', ''),
('allowGuestComment', '1', ''),
('TheSameMakeIndexHtml', '0', ''),
('ArticleHeart', '欠扁|1.gif\r\n支持|2.gif\r\n很棒|3.gif\r\n找骂|4.gif\r\n搞笑|5.gif\r\n软文|6.gif\r\n不解|7.gif\r\n吃惊|8.gif', ''),
('heart_time', '30', ''),
('heart_noRecord', '1', ''),
('UseArticleHeart', '1', ''),
('ForceDel', '0', ''),
('propagandize_jumpto', '/', ''),
('propagandize_LogDay', '5', ''),
('propagandize_close', '0', ''),
('propagandize_Money', '2', ''),
('AutoTitleNum', '1', ''),
('YZ_IdcardMoney', '20', ''),
('EditYzEmail', '0', ''),
('EditYzMob', '0', ''),
('EditYzIdcard', '0', ''),
('YZ_EmailMoney', '10', ''),
('YZ_MobMoney', '15', ''),
('MailPw', '63518', ''),
('MailId', '2244484@qq.com', ''),
('sms_wi_id', '2', ''),
('sms_wi_pwd', '3', ''),
('sms_es_key', '2', ''),
('sms_es_name', '1', ''),
('sms_type', 'winic', ''),
('bencandy_filename2', 'bencandy.php?fid-{$fid}-id-{$id}-page-{$page}.htm', ''),
('SPlist_filename2', 'listsp.php?fid-{$fid}-page-{$page}.htm', ''),
('ForbidIp', '', ''),
('AdminIp', '', ''),
('AllowVisitIp', '', ''),
('BbsUserAutoPass', '1', ''),
('regmoney', '5', ''),
('ForbidCountDomain', '', ''),
('Reg_Field', 'a:1:{s:8:\\\\\\\\\\\\\\\\\\\\\\\\"field_db\\\\\\\\\\\\\\\\\\\\\\\\";N;}', ''),
('waterAlpha', '80', ''),
('waterpos', '9', ''),
('passport_TogetherLogin', '1', ''),
('deleteArticleMoney', '-1', ''),
('postArticleMoney', '1', ''),
('comArticleMoney', '3', ''),
('hotArticleNum', '100', ''),
('newArticleTime', '24', ''),
('ListShowIcon', '0', ''),
('autoGetKeyword', '0', ''),
('tenpay_id', '', ''),
('tenpay_key', '', ''),
('alipay_id', 'test@test.com', ''),
('RegYz', '1', ''),
('RegCompany', '1', ''),
('list_cache_time', '5', ''),
('index_cache_time', '5', ''),
('label_cache_time', '5', ''),
('autoGetSmallPic', '1', ''),
('autoCutSmallPic', '1', ''),
('ForbidRepeatTitle', '1', ''),
('viewNoPassArticle', '0', ''),
('ArticleDownloadUseFtp', '0', ''),
('ArticleDownloadDirTime', '0', ''),
('ArticlePicWidth', '800', ''),
('ArticlePicHeight', '600', ''),
('SortUseOtherModule', '1', ''),
('ForbidShowPhpPage', '0', ''),
('SPbencandy_filename2', 'showsp.php?fid-{$fid}-id-{$id}-page-{$page}.htm', ''),
('list_filename', 'html/{$fid}/{$page}.htm', ''),
('bencandy_filename', 'html/{$fid}-{$dirid}/{$id}-{$page}.htm', ''),
('showsp_cache_time', '5', ''),
('PostNotice', '<font face=SimSun>\r\n<p><font face=SimSun>2、如果是转载内容，请务必填写稿件来源网址及出处。<br />3、所引起的版权纠纷与法律责任由发布者承担。</font></p></font>', ''),
('allowDownMv', '0', ''),
('autoPlayFirstMv', '1', ''),
('XunLei_ID', '08311', ''),
('FlashGet_ID', '6370', ''),
('passport_path', 'bbs', ''),
('FtpHost', '127.0.0.1', ''),
('bencandy_cache_time', '5', ''),
('passport_pre', 'pw_', ''),
('BuySpacesizeMoney', '50', ''),
('UserEmailAutoPass', '1', ''),
('MoneyName', '整站积分', ''),
('MoneyDW', '个', ''),
('web_open', '1', ''),
('close_why', '网站维护当中,\r\n暂停访问.', ''),
('style', 'default', ''),
('www_url', 'http://php168.yolucu.net', ''),
('admin_url', 'admin', ''),
('MakeIndexHtmlTime', '0', ''),
('NewsMakeHtml', '0', ''),
('time', '0', ''),
('totalSpace', '100', ''),
('upfileMaxSize', '', ''),
('upfileType', '.rar .txt .jpg .gif .bmp .png .zip .mp3 .wma .wmv .mpeg .mpg .rm .ram .htm .doc .swf .avi .flv .sql .doc .ppt .xls .chm .pdf', ''),
('updir', 'upload_files', ''),
('mirror', 'http://down2.php168.com/other/testv6/upload_files/', ''),
('forbid_show_bug', '1', ''),
('cookieDomain', '', ''),
('bokecc_id', '', ''),
('miibeian_gov_cn', '京ICP备050453号', ''),
('copyright', '', ''),
('mymd5', '17630059', ''),
('companyTrade', '机械及行业设备\r\n普通机械制造\r\n通用零部件\r\n五金配件\r\n金属工具\r\n电动工具\r\n电子元件\r\n电子器件\r\n照明及照明器具\r\n安全防护设备\r\n包装\r\n造纸及纸制品\r\n电机、电工电器\r\n电工器材\r\n通用仪器仪表\r\n专用仪器仪表\r\n交通运输设备、零部件\r\n办公、文教用品\r\n数码、电脑及网络配件\r\n日常家居用品\r\n木材、木制品\r\n家具\r\n家用电器\r\n礼品、工艺美术品\r\n食品、饮料\r\n通信产品\r\n玩具\r\n印刷设备\r\n运动、休闲、保健用品\r\n鞋、帽\r\n服装\r\n日用化学品\r\n农用化学品\r\n胶粘剂\r\n染料、颜料、涂料和油墨\r\n催化剂和助剂\r\n库存精细化学品\r\n食品和饲料添加剂\r\n塑料\r\n橡胶制品\r\n环保、环保设备\r\n建筑、建材\r\n能源\r\n粮油、农制品\r\n金属\r\n医药、保健及医疗设备\r\n纺织\r\n皮革\r\n煤焦化产品\r\n日常服务\r\n广告服务\r\n教育培训\r\n认证\r\n创意设计\r\n物流服务\r\n进出口代理\r\n维修及安装服务\r\n广告、展览器材\r\n专业录音、放音设备\r\n光学摄影器材\r\n编辑制作设备\r\n播出、前端设备\r\n建筑、装饰业\r\n房地产\r\n安装工程\r\n邮电通信\r\n事务所、公证\r\n卫生、体育、社会、福利\r\n公共服务业\r\n金融、保险\r\n实业公司、商业贸易\r\n高新技术开发区\r\n卡类市场', ''),
('UseMoneyType', 'cms', ''),
('webmail', 'weiqk@hotmail.com', ''),
('passport_url', 'http://php168.yolucu.net/', ''),
('cache_time_new', '5', ''),
('cache_time_hot', '5', ''),
('cache_time_com', '5', ''),
('cache_time_like', '5', ''),
('cache_time_pic', '5', ''),
('description', '整站系统', ''),
('metakeywords', 'php168 news bbs board php mysql forums', ''),
('webname', 'PHP168整站系统', ''),
('AutoPassCompany', '1', ''),
('memberNotice', '欢迎大家踊跃投稿,投稿可得积分奖励!!', ''),
('AutoCutFace', '0', ''),
('yzImgAdminLogin', '0', ''),
('Del_MoreUpfile', '1', ''),
('DownLoad_readfile', '1', ''),
('path', '', ''),
('hideFid', '', ''),
('pay99_id', '', ''),
('pay99_key', '', ''),
('alipay_scale', '10', ''),
('MoneyRatio', '100', ''),
('Money2card', '1', ''),
('ShopNormalSend', '8', ''),
('sortNUM', '0', '');

-- --------------------------------------------------------

--
-- 表的结构 `p8_copyfrom`
--

CREATE TABLE IF NOT EXISTS `p8_copyfrom` (
  `id` mediumint(5) NOT NULL auto_increment,
  `name` varchar(40) NOT NULL default '',
  `list` int(10) NOT NULL default '0',
  `uid` mediumint(7) NOT NULL default '0',
  PRIMARY KEY  (`id`),
  KEY `keywords` (`name`)
) ENGINE=MyISAM  DEFAULT CHARSET=utf8 AUTO_INCREMENT=3 ;

--
-- 转存表中的数据 `p8_copyfrom`
--

INSERT INTO `p8_copyfrom` (`id`, `name`, `list`, `uid`) VALUES
(1, '新浪网', 1, 0),
(2, '搜狐网', 0, 0);

-- --------------------------------------------------------

--
-- 表的结构 `p8_count_site`
--

CREATE TABLE IF NOT EXISTS `p8_count_site` (
  `fid` mediumint(7) NOT NULL auto_increment,
  `fup` mediumint(7) NOT NULL default '0',
  `name` varchar(100) NOT NULL default '',
  `list` mediumint(5) NOT NULL default '0',
  `ifclose` tinyint(1) NOT NULL default '0',
  `count_num` mediumint(7) NOT NULL default '0',
  PRIMARY KEY  (`fid`)
) ENGINE=MyISAM  DEFAULT CHARSET=utf8 AUTO_INCREMENT=2 ;

--
-- 转存表中的数据 `p8_count_site`
--

INSERT INTO `p8_count_site` (`fid`, `fup`, `name`, `list`, `ifclose`, `count_num`) VALUES
(1, 0, '整站统计', 0, 0, 0);

-- --------------------------------------------------------

--
-- 表的结构 `p8_count_stat`
--

CREATE TABLE IF NOT EXISTS `p8_count_stat` (
  `id` mediumint(7) NOT NULL auto_increment,
  `fid` mediumint(7) NOT NULL default '0',
  `year` mediumint(4) NOT NULL default '0',
  `month` tinyint(2) NOT NULL default '0',
  `week` tinyint(2) NOT NULL default '0',
  `day` smallint(3) NOT NULL default '0',
  `hour` tinyint(2) NOT NULL default '0',
  `pv` mediumint(7) NOT NULL default '0',
  `uv` mediumint(7) NOT NULL default '0',
  `ip` mediumint(7) NOT NULL default '0',
  `windows_type` text NOT NULL,
  `ie_type` text NOT NULL,
  `windows_lang` text NOT NULL,
  `screen_size` text NOT NULL,
  `from_domain` text NOT NULL,
  PRIMARY KEY  (`id`)
) ENGINE=MyISAM DEFAULT CHARSET=utf8 AUTO_INCREMENT=1 ;

--
-- 转存表中的数据 `p8_count_stat`
--


-- --------------------------------------------------------

--
-- 表的结构 `p8_count_user`
--

CREATE TABLE IF NOT EXISTS `p8_count_user` (
  `id` int(10) NOT NULL auto_increment,
  `fid` mediumint(7) NOT NULL default '0',
  `time_day` tinyint(2) NOT NULL default '0',
  `username` varchar(32) NOT NULL default '',
  `lasttime` int(10) NOT NULL default '0',
  `ip` varchar(15) NOT NULL default '',
  `ip_address` varchar(50) NOT NULL default '',
  `fromurl` varchar(255) NOT NULL default '',
  `weburl` varchar(150) NOT NULL default '',
  `lasturl` varchar(150) NOT NULL default '',
  `windows_type` varchar(30) NOT NULL default '',
  `ie_type` varchar(30) NOT NULL default '',
  `windows_lang` varchar(30) NOT NULL default '',
  `screen_size` varchar(30) NOT NULL default '',
  `hits` mediumint(7) NOT NULL default '0',
  PRIMARY KEY  (`id`),
  KEY `username` (`username`),
  KEY `time_day` (`time_day`,`ip`)
) ENGINE=MyISAM DEFAULT CHARSET=utf8 AUTO_INCREMENT=1 ;

--
-- 转存表中的数据 `p8_count_user`
--


-- --------------------------------------------------------

--
-- 表的结构 `p8_exam_form`
--

CREATE TABLE IF NOT EXISTS `p8_exam_form` (
  `id` mediumint(7) NOT NULL auto_increment,
  `type` tinyint(1) NOT NULL default '0',
  `fid` mediumint(6) NOT NULL default '0',
  `name` varchar(150) NOT NULL default '',
  `config` text NOT NULL,
  `uid` mediumint(7) NOT NULL default '0',
  `username` varchar(30) NOT NULL default '',
  `ifshare` tinyint(1) NOT NULL default '1',
  PRIMARY KEY  (`id`)
) ENGINE=MyISAM  DEFAULT CHARSET=utf8 AUTO_INCREMENT=4 ;

--
-- 转存表中的数据 `p8_exam_form`
--

INSERT INTO `p8_exam_form` (`id`, `type`, `fid`, `name`, `config`, `uid`, `username`, `ifshare`) VALUES
(2, 1, 3, '初一数学期中考试', 'a:1:{s:5:"fendb";a:9:{i:1;s:1:"2";i:2;s:1:"5";i:3;s:1:"8";i:4;s:1:"3";i:5;s:1:"6";i:6;s:2:"20";i:7;s:1:"4";i:8;s:1:"7";i:9;s:2:"30";}}', 1, 'admin', 0),
(3, 1, 5, '站长入门考试', 'a:1:{s:5:"fendb";a:8:{i:1;s:1:"5";i:2;s:2:"10";i:3;s:1:"5";i:4;s:2:"15";i:5;s:2:"10";i:6;s:1:"5";i:7;s:2:"20";i:9;s:2:"30";}}', 1, 'admin', 0);

-- --------------------------------------------------------

--
-- 表的结构 `p8_exam_form_element`
--

CREATE TABLE IF NOT EXISTS `p8_exam_form_element` (
  `element_id` int(7) NOT NULL auto_increment,
  `form_id` mediumint(7) NOT NULL default '0',
  `title_id` mediumint(7) NOT NULL default '0',
  `list` int(10) NOT NULL default '0',
  PRIMARY KEY  (`element_id`),
  KEY `form_id` (`form_id`),
  KEY `title_id` (`title_id`),
  KEY `list` (`list`)
) ENGINE=MyISAM  DEFAULT CHARSET=utf8 AUTO_INCREMENT=23 ;

--
-- 转存表中的数据 `p8_exam_form_element`
--

INSERT INTO `p8_exam_form_element` (`element_id`, `form_id`, `title_id`, `list`) VALUES
(3, 2, 4, 10),
(5, 2, 14, 1),
(6, 2, 13, 2),
(7, 2, 12, 3),
(8, 2, 11, 4),
(9, 2, 10, 5),
(10, 2, 9, 7),
(11, 2, 8, 6),
(12, 2, 7, 8),
(13, 2, 6, 9),
(14, 3, 22, 3),
(15, 3, 21, 4),
(16, 3, 20, 5),
(17, 3, 19, 6),
(18, 3, 18, 7),
(19, 3, 17, 8),
(20, 3, 16, 9),
(21, 3, 15, 10),
(22, 3, 23, 0);

-- --------------------------------------------------------

--
-- 表的结构 `p8_exam_sort`
--

CREATE TABLE IF NOT EXISTS `p8_exam_sort` (
  `fid` mediumint(7) unsigned NOT NULL auto_increment,
  `fup` mediumint(7) unsigned NOT NULL default '0',
  `name` varchar(200) NOT NULL default '',
  `class` smallint(4) NOT NULL default '0',
  `sons` smallint(4) NOT NULL default '0',
  `type` tinyint(1) NOT NULL default '0',
  `admin` varchar(100) NOT NULL default '',
  `list` int(10) NOT NULL default '0',
  `listorder` tinyint(2) NOT NULL default '0',
  `passwd` varchar(32) NOT NULL default '',
  `logo` varchar(150) NOT NULL default '',
  `descrip` text NOT NULL,
  `style` varchar(50) NOT NULL default '',
  `template` text NOT NULL,
  `jumpurl` varchar(150) NOT NULL default '',
  `maxperpage` tinyint(3) NOT NULL default '0',
  `metakeywords` varchar(255) NOT NULL default '',
  `metadescription` varchar(255) NOT NULL default '',
  `allowcomment` tinyint(1) NOT NULL default '0',
  `allowpost` varchar(150) NOT NULL default '',
  `allowviewtitle` varchar(150) NOT NULL default '',
  `allowviewcontent` varchar(150) NOT NULL default '',
  `allowdownload` varchar(150) NOT NULL default '',
  `forbidshow` tinyint(1) NOT NULL default '0',
  `config` text NOT NULL,
  `list_html` varchar(255) NOT NULL default '',
  `bencandy_html` varchar(255) NOT NULL default '',
  PRIMARY KEY  (`fid`),
  KEY `fup` (`fup`)
) ENGINE=MyISAM  DEFAULT CHARSET=utf8 AUTO_INCREMENT=6 ;

--
-- 转存表中的数据 `p8_exam_sort`
--

INSERT INTO `p8_exam_sort` (`fid`, `fup`, `name`, `class`, `sons`, `type`, `admin`, `list`, `listorder`, `passwd`, `logo`, `descrip`, `style`, `template`, `jumpurl`, `maxperpage`, `metakeywords`, `metadescription`, `allowcomment`, `allowpost`, `allowviewtitle`, `allowviewcontent`, `allowdownload`, `forbidshow`, `config`, `list_html`, `bencandy_html`) VALUES
(1, 0, '初中生试卷', 1, 1, 0, '', 0, 0, '', '', '', '', '', '', 0, '', '', 0, '', '', '', '', 0, 'a:4:{s:11:"sonTitleRow";N;s:12:"sonTitleLeng";N;s:9:"cachetime";N;s:12:"sonListorder";N;}', '', ''),
(2, 0, '调查表', 1, 0, 0, '', 0, 0, '', '', '', '', 'N;', '', 0, '', '', 0, '', '', '', '', 0, 'a:4:{s:11:"sonTitleRow";N;s:12:"sonTitleLeng";N;s:9:"cachetime";N;s:12:"sonListorder";N;}', '', ''),
(3, 1, '初一数学试卷', 2, 0, 0, '', 0, 0, '', '', '', '', 'N;', '', 0, '', '', 0, '', '', '', '', 0, 'a:4:{s:11:"sonTitleRow";N;s:12:"sonTitleLeng";N;s:9:"cachetime";N;s:12:"sonListorder";N;}', '', ''),
(4, 0, '互联网', 1, 1, 1, '', 10, 0, '', '', '', '', '', '', 0, '', '', 1, '', '', '', '', 0, '', '', ''),
(5, 4, '站长了解互联网的入门考试', 2, 0, 0, '', 10, 0, '', '', '', '', '', '', 0, '', '', 0, '', '', '', '', 0, 'b:0;', '', '');

-- --------------------------------------------------------

--
-- 表的结构 `p8_exam_student`
--

CREATE TABLE IF NOT EXISTS `p8_exam_student` (
  `student_id` int(7) NOT NULL auto_increment,
  `student_uid` mediumint(7) NOT NULL default '0',
  `student_name` varchar(30) NOT NULL default '',
  `form_id` mediumint(7) NOT NULL default '0',
  `total_fen` smallint(4) NOT NULL default '0',
  `posttime` int(10) NOT NULL default '0',
  PRIMARY KEY  (`student_id`),
  KEY `form_id` (`form_id`)
) ENGINE=MyISAM  DEFAULT CHARSET=utf8 AUTO_INCREMENT=12 ;

--
-- 转存表中的数据 `p8_exam_student`
--

INSERT INTO `p8_exam_student` (`student_id`, `student_uid`, `student_name`, `form_id`, `total_fen`, `posttime`) VALUES
(3, 6, '222222', 2, 22, 1239708826),
(4, 7, '333333', 2, 35, 1239709420),
(9, 1, 'admin', 2, 44, 1239715061),
(10, 1, 'admin', 3, 0, 1240136249),
(11, 7, 'abc', 3, 5, 1240211380);

-- --------------------------------------------------------

--
-- 表的结构 `p8_exam_student_title`
--

CREATE TABLE IF NOT EXISTS `p8_exam_student_title` (
  `st_id` int(7) NOT NULL auto_increment,
  `title_id` mediumint(7) NOT NULL default '0',
  `student_id` mediumint(7) NOT NULL default '0',
  `form_id` mediumint(7) NOT NULL default '0',
  `answer` text NOT NULL,
  `fen` smallint(3) NOT NULL default '0',
  `comment` text NOT NULL,
  PRIMARY KEY  (`st_id`)
) ENGINE=MyISAM  DEFAULT CHARSET=utf8 AUTO_INCREMENT=165 ;

--
-- 转存表中的数据 `p8_exam_student_title`
--

INSERT INTO `p8_exam_student_title` (`st_id`, `title_id`, `student_id`, `form_id`, `answer`, `fen`, `comment`) VALUES
(11, 4, 3, 2, '5', 1, ''),
(12, 14, 3, 2, 'rt\r\ntreytreh', 0, ''),
(13, 13, 3, 2, 'ggggggggggggggggggggg', 0, ''),
(14, 12, 3, 2, 'rrrrrrrrrr', 0, ''),
(15, 11, 3, 2, '10', 20, ''),
(16, 10, 3, 2, '5435', 0, ''),
(17, 9, 3, 2, '7', 0, ''),
(18, 8, 3, 2, '正确', 0, ''),
(19, 7, 3, 2, '2\n3', 0, ''),
(20, 6, 3, 2, '6', 1, ''),
(21, 4, 4, 2, '5', 1, ''),
(22, 14, 4, 2, 'eeeeeeeeeeeeeeeeeeeeee', 0, ''),
(23, 13, 4, 2, '333333333333333', 0, ''),
(24, 12, 4, 2, '2', 0, ''),
(25, 11, 4, 2, '10', 20, ''),
(26, 10, 4, 2, 'cbaed', 0, ''),
(27, 9, 4, 2, '7', 0, ''),
(28, 8, 4, 2, '错误', 8, ''),
(29, 7, 4, 2, '2\n3', 5, '55'),
(30, 6, 4, 2, '6', 1, 't'),
(161, 6, 9, 2, '6', 1, ''),
(160, 7, 9, 2, '2\n3', 5, ''),
(159, 8, 9, 2, '错误', 8, ''),
(158, 9, 9, 2, '7\n12\n14', 3, ''),
(157, 10, 9, 2, 'cbaed', 6, ''),
(156, 11, 9, 2, '10', 20, ''),
(155, 12, 9, 2, 'f', 0, ''),
(153, 14, 9, 2, 'fwe', 0, ''),
(154, 13, 9, 2, 'sfd', 0, ''),
(152, 4, 9, 2, '5', 1, ''),
(162, 18, 11, 3, '\n', 0, ''),
(163, 15, 11, 3, '熊晓鸽', 5, ''),
(164, 23, 11, 3, '个人用户', 0, '');

-- --------------------------------------------------------

--
-- 表的结构 `p8_exam_title`
--

CREATE TABLE IF NOT EXISTS `p8_exam_title` (
  `id` mediumint(7) NOT NULL auto_increment,
  `fid` smallint(4) NOT NULL default '0',
  `type` tinyint(2) NOT NULL default '0',
  `question` text NOT NULL,
  `config` text NOT NULL,
  `answer` text NOT NULL,
  `uid` mediumint(7) NOT NULL default '0',
  `username` varchar(30) NOT NULL default '',
  `ifshare` tinyint(1) NOT NULL default '1',
  PRIMARY KEY  (`id`)
) ENGINE=MyISAM  DEFAULT CHARSET=utf8 AUTO_INCREMENT=24 ;

--
-- 转存表中的数据 `p8_exam_title`
--

INSERT INTO `p8_exam_title` (`id`, `fid`, `type`, `question`, `config`, `answer`, `uid`, `username`, `ifshare`) VALUES
(6, 3, 1, '3+3=?', '4\r\n5\r\n6\r\n7', '6', 1, 'admin', 1),
(4, 3, 1, '2+3=?', '2\r\n3\r\n4\r\n5', '5', 1, 'admin', 1),
(7, 3, 2, '下面哪个是整数', '2\r\n3\r\n4.5\r\n2.3', '2,3', 1, 'admin', 1),
(8, 3, 3, '1+1=3是正确的吗?', '正确\r\n错误', '错误', 1, 'admin', 1),
(9, 3, 4, '3+4=<<<7>>>，3+9=<<<12>>>，5+9=<<<14>>>这三个等式都是加法运算。', '', '', 1, 'admin', 1),
(10, 3, 5, '请把以下数字由大到小排序', '12\r\n23\r\n56\r\n3\r\n7', 'cbaed', 1, 'admin', 1),
(11, 3, 6, '1+2+3+4=?', '', '10', 1, 'admin', 1),
(12, 3, 7, '请例出小于10能被2整除的数?', '', '', 1, 'admin', 1),
(13, 3, 8, '请回答出什么叫整除?', '', '', 1, 'admin', 1),
(14, 3, 9, '请以"小草"写一篇文章', '', '', 1, 'admin', 1),
(15, 5, 1, '国际著名风险投资商IDG中国区总裁是谁？', '秦刚\r\n熊晓鸽\r\n史玉柱\r\n孙正义', '熊晓鸽', 1, 'admin', 1),
(16, 5, 2, '国内最著名的两大站长门户创始人是谁？', '口碑网--马云\r\nchinaz--阿飞\r\n站长网--图王\r\n安捷居---郭吉军', 'chinaz--阿飞\r\n站长网--图王', 1, 'admin', 1),
(17, 5, 3, 'PHP168  V6+ PHPwind 7.0高深度整合版，是否已经成为中国互联网平台中CMS+BBS的黄金组合？', '正确\r\n错误', '正确', 1, 'admin', 1),
(18, 5, 4, '最近准备去养一万头猪的是互联网CEO是<<< 丁磊>>>，而PHPWIND最近召开站长大会的地点在<<< 南京 >>>。', '', '', 1, 'admin', 1),
(19, 5, 5, '请把这些互联网领袖的年龄从大到小排序----直接填字母如abcdef：', '马云.\r\n阿飞.\r\n李想\r\n王学集\r\n图王\r\n马化腾\r\n秦刚', 'adfebcd', 1, 'admin', 1),
(20, 5, 6, '1+1=', '', '2', 1, 'admin', 1),
(21, 5, 7, 'www.ceodh.com--------CEO导航是属于什么概念的网站？他与265.com有什么不同？', '', '', 1, 'admin', 1),
(22, 5, 9, 'PHP168曾经承诺协助站长向商务转型，让站长做有意义、能盈利的站，请你提出哪些商务功能需要完善----以配合站长的网站运营。', '', '', 1, 'admin', 1),
(23, 5, 2, 'PHP168所有方案的代理体系适合那些人群？在哪个版块可以申请？', '企业\r\n个人用户\r\n合作伙伴\r\n代理与商务区\r\nV6专区', '企业\r\n个人用户\r\n合作伙伴\r\n代理与商务区', 1, 'admin', 1);

-- --------------------------------------------------------

--
-- 表的结构 `p8_form_content`
--

CREATE TABLE IF NOT EXISTS `p8_form_content` (
  `id` mediumint(7) NOT NULL auto_increment,
  `title` varchar(100) NOT NULL default '',
  `mid` smallint(4) NOT NULL default '0',
  `hits` mediumint(7) NOT NULL default '0',
  `posttime` int(10) NOT NULL default '0',
  `list` varchar(10) NOT NULL default '',
  `uid` mediumint(7) NOT NULL default '0',
  `username` varchar(30) NOT NULL default '',
  `titlecolor` varchar(15) NOT NULL default '',
  `yz` tinyint(1) NOT NULL default '0',
  `ip` varchar(15) NOT NULL default '',
  PRIMARY KEY  (`id`),
  KEY `hits` (`hits`,`yz`),
  KEY `list` (`list`,`yz`)
) ENGINE=MyISAM  DEFAULT CHARSET=utf8 AUTO_INCREMENT=32 ;

--
-- 转存表中的数据 `p8_form_content`
--

INSERT INTO `p8_form_content` (`id`, `title`, `mid`, `hits`, `posttime`, `list`, `uid`, `username`, `titlecolor`, `yz`, `ip`) VALUES
(19, '', 5, 0, 1236939584, '1236939584', 1, 'admin', '', 0, '192.168.0.99');

-- --------------------------------------------------------

--
-- 表的结构 `p8_form_content_4`
--

CREATE TABLE IF NOT EXISTS `p8_form_content_4` (
  `id` mediumint(7) NOT NULL auto_increment,
  `uid` mediumint(7) NOT NULL default '0',
  `truename` varchar(15) NOT NULL default '',
  `sex` int(1) NOT NULL default '0',
  `age` int(2) NOT NULL default '0',
  `mobphone` varchar(25) NOT NULL default '',
  `metier` varchar(30) NOT NULL default '',
  `my_song` varchar(50) NOT NULL default '',
  PRIMARY KEY  (`id`),
  KEY `uid` (`uid`)
) ENGINE=MyISAM DEFAULT CHARSET=utf8 AUTO_INCREMENT=1 ;

--
-- 转存表中的数据 `p8_form_content_4`
--


-- --------------------------------------------------------

--
-- 表的结构 `p8_form_content_5`
--

CREATE TABLE IF NOT EXISTS `p8_form_content_5` (
  `id` mediumint(7) NOT NULL auto_increment,
  `uid` mediumint(7) NOT NULL default '0',
  `content` mediumtext NOT NULL,
  `bday` varchar(25) NOT NULL default '',
  `school_age` varchar(20) NOT NULL default '',
  `native` varchar(30) NOT NULL default '',
  `specialty` varchar(40) NOT NULL default '',
  `skill` varchar(50) NOT NULL default '',
  `sport` varchar(80) NOT NULL default '',
  `height` int(3) NOT NULL default '0',
  `truename` varchar(15) NOT NULL default '',
  `oicq` varchar(10) NOT NULL default '',
  `email` varchar(50) NOT NULL default '',
  `mobphone` varchar(11) NOT NULL default '',
  `address` varchar(150) NOT NULL default '',
  `telephone` varchar(15) NOT NULL default '',
  `idcard` varchar(18) NOT NULL default '',
  `cp_title` varchar(50) NOT NULL default '',
  PRIMARY KEY  (`id`),
  KEY `uid` (`uid`)
) ENGINE=MyISAM  DEFAULT CHARSET=utf8 AUTO_INCREMENT=20 ;

--
-- 转存表中的数据 `p8_form_content_5`
--

INSERT INTO `p8_form_content_5` (`id`, `uid`, `content`, `bday`, `school_age`, `native`, `specialty`, `skill`, `sport`, `height`, `truename`, `oicq`, `email`, `mobphone`, `address`, `telephone`, `idcard`, `cp_title`) VALUES
(19, 1, '555555555555555', '0000-00-00', '大专', '三项式', '', '', '', 0, '222223', '444444', '65223@qq.com', '13355555555', '3', '一直在fgsgfd', '44444444444444443', '');

-- --------------------------------------------------------

--
-- 表的结构 `p8_form_content_8`
--

CREATE TABLE IF NOT EXISTS `p8_form_content_8` (
  `id` mediumint(7) NOT NULL auto_increment,
  `uid` mediumint(7) NOT NULL default '0',
  `roomtype` varchar(30) NOT NULL default '',
  `roomnum` int(3) NOT NULL default '0',
  `numday` int(3) NOT NULL default '0',
  `intotime` varchar(30) NOT NULL default '',
  `truename` varchar(30) NOT NULL default '',
  `telephone` varchar(20) NOT NULL default '',
  PRIMARY KEY  (`id`),
  KEY `uid` (`uid`)
) ENGINE=MyISAM DEFAULT CHARSET=utf8 AUTO_INCREMENT=1 ;

--
-- 转存表中的数据 `p8_form_content_8`
--


-- --------------------------------------------------------

--
-- 表的结构 `p8_form_module`
--

CREATE TABLE IF NOT EXISTS `p8_form_module` (
  `id` smallint(4) NOT NULL auto_increment,
  `name` varchar(50) NOT NULL default '',
  `list` smallint(4) NOT NULL default '0',
  `style` varchar(50) NOT NULL default '',
  `config` mediumtext NOT NULL,
  `allowpost` varchar(255) NOT NULL default '',
  `endtime` int(10) NOT NULL default '0',
  `about` text NOT NULL,
  `usetitle` tinyint(1) NOT NULL default '0',
  `repeatpost` tinyint(1) NOT NULL default '0',
  `statename` varchar(30) NOT NULL default '',
  `allowview` varchar(255) NOT NULL default '',
  PRIMARY KEY  (`id`)
) ENGINE=MyISAM DEFAULT CHARSET=utf8 AUTO_INCREMENT=1 ;

--
-- 转存表中的数据 `p8_form_module`
--


-- --------------------------------------------------------

--
-- 表的结构 `p8_form_reply`
--

CREATE TABLE IF NOT EXISTS `p8_form_reply` (
  `rid` int(10) NOT NULL auto_increment,
  `id` int(10) NOT NULL default '0',
  `mid` int(10) NOT NULL default '0',
  `posttime` int(10) NOT NULL default '0',
  `uid` mediumint(7) NOT NULL default '0',
  `username` varchar(30) NOT NULL default '',
  `content` text NOT NULL,
  `ip` varchar(15) NOT NULL default '',
  PRIMARY KEY  (`rid`)
) ENGINE=MyISAM DEFAULT CHARSET=utf8 AUTO_INCREMENT=1 ;

--
-- 转存表中的数据 `p8_form_reply`
--


-- --------------------------------------------------------

--
-- 表的结构 `p8_friendlink`
--

CREATE TABLE IF NOT EXISTS `p8_friendlink` (
  `id` mediumint(5) NOT NULL auto_increment,
  `fid` int(7) NOT NULL default '0',
  `name` varchar(30) NOT NULL default '',
  `url` varchar(150) NOT NULL default '',
  `logo` varchar(150) NOT NULL default '',
  `descrip` varchar(255) NOT NULL default '',
  `list` int(10) NOT NULL default '0',
  `ifhide` tinyint(1) NOT NULL default '0',
  `iswordlink` tinyint(1) default NULL,
  `hits` tinyint(7) NOT NULL default '0',
  `posttime` int(10) NOT NULL default '0',
  `uid` int(7) NOT NULL default '0',
  `username` varchar(30) NOT NULL default '',
  `yz` tinyint(1) NOT NULL default '1',
  `endtime` int(10) NOT NULL default '0',
  PRIMARY KEY  (`id`),
  KEY `yz` (`yz`,`endtime`,`ifhide`)
) ENGINE=MyISAM  DEFAULT CHARSET=utf8 AUTO_INCREMENT=39 ;

--
-- 转存表中的数据 `p8_friendlink`
--

INSERT INTO `p8_friendlink` (`id`, `fid`, `name`, `url`, `logo`, `descrip`, `list`, `ifhide`, `iswordlink`, `hits`, `posttime`, `uid`, `username`, `yz`, `endtime`) VALUES
(12, 0, 'PHPWIND官方论坛', 'http://www.phpwind.net/', 'http://www.phpwind.net/logo.gif', 'PHPWIND官方论坛', 32, 0, 0, 0, 0, 0, '', 1, 0),
(5, 0, 'php168整站', 'http://www.php168.com', 'friendlink/1_20090418160423_boQJA.gif', '免费提供建站系统', 40, 0, 0, 0, 0, 0, '', 1, 1270178938),
(21, 2, '易宝支付', 'http://www.yeepay.com/', 'friendlink/1_20090418160410_UxB8E.gif', '易宝支付', 39, 0, 0, 0, 0, 0, '', 1, 0),
(22, 2, '39健康网', 'http://www.39.net/', 'friendlink/1_20090418160438_KDWX7.jpg', '39健康网', 31, 0, 0, 0, 0, 0, '', 1, 0),
(23, 2, '门户通', 'http://menhutong.com.cn/', 'friendlink/1_20090418160412_bm7cQ.gif', '门户通', 36, 0, 0, 0, 0, 0, '', 1, 0),
(24, 2, '迅雷', 'http://xunlei.com/', 'friendlink/1_20090418160406_9UoK8.jpg', '迅雷', 33, 0, 0, 0, 0, 0, '', 1, 0),
(26, 2, '中国站长站', 'http://www.chinaz.com/', 'friendlink/1_20090418160432_JNCry.gif', '中国站长站', 38, 0, 0, 0, 0, 0, '', 1, 0),
(27, 2, 'WEB开发网', 'http://www.cncms.com.cn/', 'friendlink/1_20090418160451_64IKO.gif', 'WEB开发网', 34, 0, 0, 0, 0, 0, '', 1, 0),
(28, 3, '网页教学网', 'http://www.webjx.com/', '', '网页教学网', 27, 0, 0, 0, 0, 0, '', 1, 0),
(36, 3, 'CEO导航', 'http://ceodh.com/', '', 'CEO导航', 30, 0, 0, 0, 0, 0, '', 1, 0),
(29, 2, '中电华通', 'http://www.chinaccnet.com/', '', '中电华通', 0, 0, 0, 0, 0, 0, '', 1, 0),
(30, 2, '磐石网络', 'http://371.com/', '', '磐石网络', 0, 0, 0, 0, 0, 0, '', 1, 0),
(31, 3, '1166导航', 'http://www.1166.com/', '', '1166导航', 29, 0, 0, 0, 0, 0, '', 1, 0),
(32, 2, '快车下载', 'http://union.flashget.com/', '', '快车下载', 0, 0, 0, 0, 0, 0, '', 1, 0),
(34, 3, 'CNZZ', 'http://www.cnzz.cn/', '', 'CNZZ', 26, 0, 0, 0, 0, 0, '', 1, 0),
(35, 2, 'CEO导航', 'http://www.ceodh.com/', 'friendlink/1_20090418180404_7nYuN.jpg', 'CEO导航', 39, 0, 0, 0, 0, 0, '', 1, 0),
(37, 2, '财付通', 'http://union.tenpay.com/', '', '财付通', 28, 0, 0, 0, 0, 0, '', 1, 0),
(38, 2, '财库股票网', 'http://www.caikuu.com', '', '财库股票网', 0, 0, 0, 0, 0, 0, '', 1, 0);

-- --------------------------------------------------------

--
-- 表的结构 `p8_friendlink_sort`
--

CREATE TABLE IF NOT EXISTS `p8_friendlink_sort` (
  `fid` mediumint(7) NOT NULL auto_increment,
  `name` varchar(30) NOT NULL default '',
  `list` int(10) NOT NULL default '0',
  PRIMARY KEY  (`fid`)
) ENGINE=MyISAM  DEFAULT CHARSET=utf8 AUTO_INCREMENT=4 ;

--
-- 转存表中的数据 `p8_friendlink_sort`
--

INSERT INTO `p8_friendlink_sort` (`fid`, `name`, `list`) VALUES
(2, '友情链接', 0),
(3, '合作伙伴', 0);

-- --------------------------------------------------------

--
-- 表的结构 `p8_fu_article`
--

CREATE TABLE IF NOT EXISTS `p8_fu_article` (
  `fid` int(7) NOT NULL default '0',
  `aid` int(10) NOT NULL default '0',
  KEY `fid` (`fid`),
  KEY `aid` (`aid`)
) ENGINE=MyISAM DEFAULT CHARSET=utf8;

--
-- 转存表中的数据 `p8_fu_article`
--


-- --------------------------------------------------------

--
-- 表的结构 `p8_fu_sort`
--

CREATE TABLE IF NOT EXISTS `p8_fu_sort` (
  `fid` mediumint(7) unsigned NOT NULL auto_increment,
  `fup` mediumint(7) unsigned NOT NULL default '0',
  `fmid` mediumint(5) NOT NULL default '0',
  `name` varchar(50) NOT NULL default '',
  `class` smallint(4) NOT NULL default '0',
  `sons` smallint(4) NOT NULL default '0',
  `type` tinyint(1) NOT NULL default '0',
  `admin` varchar(100) NOT NULL default '',
  `list` int(10) NOT NULL default '0',
  `listorder` tinyint(2) NOT NULL default '0',
  `passwd` varchar(32) NOT NULL default '',
  `logo` varchar(150) NOT NULL default '',
  `descrip` text NOT NULL,
  `style` varchar(50) NOT NULL default '',
  `template` text NOT NULL,
  `jumpurl` varchar(150) NOT NULL default '',
  `maxperpage` tinyint(3) NOT NULL default '0',
  `metakeywords` varchar(255) NOT NULL default '',
  `metadescription` varchar(255) NOT NULL default '',
  `allowcomment` tinyint(1) NOT NULL default '0',
  `allowpost` varchar(150) NOT NULL default '',
  `allowviewtitle` varchar(150) NOT NULL default '',
  `allowviewcontent` varchar(150) NOT NULL default '',
  `allowdownload` varchar(150) NOT NULL default '',
  `forbidshow` tinyint(1) NOT NULL default '0',
  `config` text NOT NULL,
  `list_html` varchar(255) NOT NULL default '',
  `bencandy_html` varchar(255) NOT NULL default '',
  `domain` varchar(150) NOT NULL default '',
  `domain_dir` varchar(100) NOT NULL default '',
  PRIMARY KEY  (`fid`),
  KEY `fup` (`fup`),
  KEY `fmid` (`fmid`)
) ENGINE=MyISAM DEFAULT CHARSET=utf8 AUTO_INCREMENT=1 ;

--
-- 转存表中的数据 `p8_fu_sort`
--


-- --------------------------------------------------------

--
-- 表的结构 `p8_gather_rule`
--

CREATE TABLE IF NOT EXISTS `p8_gather_rule` (
  `id` mediumint(7) NOT NULL auto_increment,
  `fid` mediumint(7) NOT NULL default '0',
  `type` varchar(15) NOT NULL default '0',
  `fixsystem` varchar(30) NOT NULL default '',
  `filetype` varchar(50) NOT NULL default '',
  `webname` varchar(150) NOT NULL default '',
  `listurl` varchar(150) NOT NULL default '',
  `firstpage` varchar(150) NOT NULL default '',
  `page_begin` int(10) NOT NULL default '0',
  `page_end` int(10) NOT NULL default '0',
  `page_step` int(10) NOT NULL default '0',
  `title_minleng` smallint(5) NOT NULL default '0',
  `listmoreurl` text NOT NULL,
  `link_include_word` text NOT NULL,
  `link_noinclude_word` text NOT NULL,
  `link_replace_word` text NOT NULL,
  `title_replace_word` text NOT NULL,
  `list_begin_code` text NOT NULL,
  `list_end_code` text NOT NULL,
  `list_begin_preg` text NOT NULL,
  `list_end_preg` text NOT NULL,
  `gatherthesame` tinyint(1) NOT NULL default '0',
  `show_begin_preg` text NOT NULL,
  `show_end_preg` text NOT NULL,
  `show_endfile_preg` text NOT NULL,
  `show_begin_code` text NOT NULL,
  `show_end_code` text NOT NULL,
  `show_replace_word` text NOT NULL,
  `show_morepage` varchar(100) NOT NULL default '',
  `show_firstpage` varchar(100) NOT NULL default '',
  `show_spe2page` tinyint(1) NOT NULL default '0',
  `posttime` int(10) NOT NULL default '0',
  `list` int(10) NOT NULL default '0',
  `copypic` tinyint(1) NOT NULL default '0',
  `sort` smallint(4) NOT NULL default '0',
  `file_type` varchar(50) NOT NULL default '',
  `file_minleng` mediumint(6) NOT NULL default '0',
  `file_minsize` int(9) NOT NULL default '0',
  `file_includeword` text NOT NULL,
  `file_noincludeword` text NOT NULL,
  `file_explode` text NOT NULL,
  `file_picwidth` int(8) NOT NULL default '0',
  `file_star_string` varchar(150) NOT NULL default '',
  `title_rule` text NOT NULL,
  `content_rule` text NOT NULL,
  `title_morepage_rull` text NOT NULL,
  `content_morepage_rull` text NOT NULL,
  `charset_type` tinyint(1) NOT NULL default '0',
  PRIMARY KEY  (`id`)
) ENGINE=MyISAM  DEFAULT CHARSET=utf8 AUTO_INCREMENT=32 ;

--
-- 转存表中的数据 `p8_gather_rule`
--

INSERT INTO `p8_gather_rule` (`id`, `fid`, `type`, `fixsystem`, `filetype`, `webname`, `listurl`, `firstpage`, `page_begin`, `page_end`, `page_step`, `title_minleng`, `listmoreurl`, `link_include_word`, `link_noinclude_word`, `link_replace_word`, `title_replace_word`, `list_begin_code`, `list_end_code`, `list_begin_preg`, `list_end_preg`, `gatherthesame`, `show_begin_preg`, `show_end_preg`, `show_endfile_preg`, `show_begin_code`, `show_end_code`, `show_replace_word`, `show_morepage`, `show_firstpage`, `show_spe2page`, `posttime`, `list`, `copypic`, `sort`, `file_type`, `file_minleng`, `file_minsize`, `file_includeword`, `file_noincludeword`, `file_explode`, `file_picwidth`, `file_star_string`, `title_rule`, `content_rule`, `title_morepage_rull`, `content_morepage_rull`, `charset_type`) VALUES
(3, 0, 'article', 'article', '', 'phpe.net', 'http://phpe.net/?n=Articles&p=[page]&t=1', '', 1, 3, 1, 0, '', 'shtml', '<', '', '', '', '', '', '', 0, '', '', '', '', '', '', '', '', 0, 1172984270, 0, 0, 0, '', 0, 0, '', '', '', 0, '', '<tr><td width="100%"><li class="fang"><a href="{url=NO"}" title="{NO"}">{title=NO<}</a></li></td>', '<td style="word-wrap:break-word; font-size: 14px; line-height: 160%">{content=*}</td></tr>', '', '', 0),
(26, 0, 'article', 'article', '', '腾讯人才激辩', '', '', 0, 0, 1, 0, 'http://edu.qq.com/job/jlgc_more.htm\r\nhttp://edu.qq.com/job/jlgc_more1.htm\r\nhttp://edu.qq.com/job/jlgc_more2.htm', '', '', '', '', '', '', '', '', 0, '', '', '', '', '', '<table|<table style="display:none;"', '', '', 0, 1172984270, 1172984423, 0, 0, '', 0, 0, '', '', '', 0, '', '<tr><td height="24" class="font14px"><div align="left">·<a target="_blank" class="blackul" href="{url=NO"}">{title=NO<}</a> ', '<div id="ArticleCnt">{content=*}</div><div id="copyweb">', '', '', 0),
(20, 0, 'article', 'article', '', '且听风吟原创文学空间----->散文 >> 心灵感悟', 'http://wind.yinsha.com/ashow.php?sid=10&%20size=20&page=[page]', '', 1, 3, 1, 0, '', '', '', '', '', '', '', '', '', 0, '', '', '', '<tr><td><p class=s11>', '</td></tr>', '', '', '', 0, 1165498531, 1165498610, 0, 0, '', 0, 0, '', '', '', 0, '', '<img src=images/{NO"} border=0>\r\n                    \r\n            <a href="{url=NO"}" target=_blank>{title=NO<}</a> ', '', '', '', 0),
(24, 0, 'article', 'article', '', '碧海银纱-> 散文 >> 心灵感悟', 'http://wind.yinsha.com/ashow.php?sid=5&%20size=20&page=[page]', '', 1, 8, 1, 0, '', '', '', '', '', '', '', '', '', 0, '', '', '', '', '', '', '', '', 0, 1166582291, 1166582456, 0, 0, '', 0, 0, '', '', '', 0, '', '<img src=images/{NO"} border=0>\r\n                    \r\n            <a href="{url=NO }" target=_blank>{title=NO<}</a> ', '<div align="center" class="s3">作者: {author=NO"}　</div>{*}<tr><td><p class=s11>&nbsp;&nbsp;{content=*}</td></tr>\r\n\r\n', '', '', 0),
(28, 0, 'article', 'article', '', '心理 >> 心灵鸡汤', '', '', 0, 0, 1, 0, 'http://www.39.net/mentalworld/xlzl/index.htm\r\nhttp://www.39.net/mentalworld/xlzl/index_1.htm\r\nhttp://www.39.net/mentalworld/xlzl/index_2.htm', '', '<', '', '', '', '', '', '', 0, '', '', '', '', '', '', '', '', 0, 1179849019, 1179849189, 0, 0, '', 0, 0, '', '', '', 0, '', '><Li><a href="{url=NO"}" Target=_blank>{title=NO<}</a>', '<tr><td class="newscontent"><digital39:Content  showtag="true" ID="N10" >{content=*}</digital39:Content></td></tr></table>', '', '', 0),
(31, 0, 'article', 'article', '', 'phpe.net', 'http://phpe.net/?n=Articles&p=[page]&t=1', '', 1, 3, 1, 0, '', 'shtml', '<', '', '', '', '', '', '', 0, '', '', '', '', '', '', '', '', 0, 1172984270, 0, 0, 0, '', 0, 0, '', '', '', 0, '', '<tr><td width="100%"><li class="fang"><a href="{url=*}" title="{*}">{title=*}</a></li></td>', '<td style="word-wrap:break-word; font-size: 14px; line-height: 160%">{content=*}</td></tr>{*}更新日期:{posttime=*}&nbsp;浏览次数', '', '', 0);

-- --------------------------------------------------------

--
-- 表的结构 `p8_gather_sort`
--

CREATE TABLE IF NOT EXISTS `p8_gather_sort` (
  `fid` mediumint(6) NOT NULL auto_increment,
  `name` varchar(80) NOT NULL default '',
  `fup` mediumint(6) NOT NULL default '0',
  `class` smallint(4) NOT NULL default '0',
  `type` tinyint(1) NOT NULL default '0',
  `list` mediumint(5) NOT NULL default '0',
  `allowpost` varchar(255) NOT NULL default '',
  `sons` smallint(4) NOT NULL default '0',
  PRIMARY KEY  (`fid`)
) ENGINE=MyISAM DEFAULT CHARSET=utf8 AUTO_INCREMENT=1 ;

--
-- 转存表中的数据 `p8_gather_sort`
--


-- --------------------------------------------------------

--
-- 表的结构 `p8_group`
--

CREATE TABLE IF NOT EXISTS `p8_group` (
  `gid` smallint(4) NOT NULL auto_increment,
  `gptype` tinyint(1) NOT NULL default '0',
  `grouptitle` varchar(50) NOT NULL default '',
  `levelnum` mediumint(7) NOT NULL default '0',
  `totalspace` int(10) NOT NULL default '0',
  `allowsearch` tinyint(1) NOT NULL default '0',
  `powerdb` text NOT NULL,
  `allowadmin` tinyint(1) NOT NULL default '0',
  `allowadmindb` text,
  PRIMARY KEY  (`gid`)
) ENGINE=MyISAM  DEFAULT CHARSET=utf8 AUTO_INCREMENT=10 ;

--
-- 转存表中的数据 `p8_group`
--

INSERT INTO `p8_group` (`gid`, `gptype`, `grouptitle`, `levelnum`, `totalspace`, `allowsearch`, `powerdb`, `allowadmin`, `allowadmindb`) VALUES
(2, 1, '游客组', 0, 0, 0, 'a:32:{s:10:"upfileType";s:0:"";s:13:"upfileMaxSize";s:0:"";s:14:"PassContribute";s:1:"1";s:17:"SearchArticleType";s:1:"1";s:16:"PostArticleYzImg";s:1:"1";s:13:"EditPassPower";s:1:"0";s:12:"SetTileColor";s:1:"0";s:14:"SetSellArticle";s:1:"0";s:17:"SetSpecialArticle";s:1:"0";s:17:"SetArticleKeyword";s:1:"0";s:20:"AddArticleKeywordNum";s:0:"";s:21:"AddArticleCopyfromNum";s:0:"";s:18:"SelectArticleStyle";s:1:"0";s:16:"SelectArticleTpl";s:1:"0";s:13:"SetArticleTpl";s:1:"0";s:18:"SetArticlePosttime";s:1:"0";s:18:"SetArticleViewtime";s:1:"0";s:16:"SetArticleHitNum";s:1:"0";s:18:"SetArticlePassword";s:1:"0";s:19:"SetArticleDownGroup";s:1:"0";s:19:"SetArticleViewGroup";s:1:"0";s:17:"SetArticleJumpurl";s:1:"0";s:19:"SetArticleIframeurl";s:1:"0";s:21:"SetArticleDescription";s:1:"0";s:16:"SetArticleTopCom";s:1:"0";s:13:"SetSmallTitle";s:1:"0";s:19:"CommentArticleYzImg";s:1:"0";s:17:"CollectArticleNum";s:0:"";s:15:"CreatSpecialNum";s:0:"";s:13:"PostNoDelCode";s:1:"0";s:7:"SetVote";s:1:"0";s:11:"SetHtmlName";s:1:"0";}', 0, ''),
(3, 1, '超级管理员', 0, 0, 0, 'a:5:{s:10:"upfileType";s:0:"";s:13:"upfileMaxSize";s:0:"";s:14:"PassContribute";s:1:"1";s:13:"EditPassPower";s:1:"0";s:14:"AllowUploadMax";s:1:"1";}', 1, 'a:87:{s:13:"center_config";s:1:"1";s:17:"set_comsort_index";s:1:"1";s:8:"user_reg";s:1:"1";s:12:"center_cache";s:1:"1";s:19:"article_more_config";s:1:"1";s:11:"cache_cache";s:1:"1";s:14:"article_module";s:1:"1";s:11:"form_module";s:1:"1";s:11:"comment_set";s:1:"1";s:18:"setmakeALLhtml_set";s:1:"1";s:11:"module_list";s:1:"1";s:9:"blend_set";s:1:"1";s:9:"hack_list";s:1:"1";s:14:"ad_listAdPlace";s:1:"1";s:13:"ad_listuserad";s:1:"1";s:6:"sellad";s:1:"1";s:15:"sellad_listuser";s:1:"1";s:10:"alipay_set";s:1:"1";s:9:"shoporder";s:1:"1";s:14:"moneycard_make";s:1:"1";s:7:"js_list";s:1:"1";s:17:"propagandize_list";s:1:"1";s:11:"jfadmin_mod";s:1:"1";s:15:"attachment_list";s:1:"1";s:9:"area_list";s:1:"1";s:10:"upgrade_ol";s:1:"1";s:14:"friendlink_mod";s:1:"1";s:14:"alonepage_list";s:1:"1";s:14:"guestbook_list";s:1:"1";s:12:"channel_list";s:1:"1";s:9:"vote_list";s:1:"1";s:9:"mysql_out";s:1:"1";s:10:"mysql_into";s:1:"1";s:9:"mysql_del";s:1:"1";s:9:"mysql_sql";s:1:"1";s:13:"sort_listsort";s:1:"1";s:15:"artic_listartic";s:1:"1";s:12:"comment_list";s:1:"1";s:12:"form_content";s:1:"1";s:13:"artic_postnew";s:1:"1";s:12:"artic_addpic";s:1:"1";s:11:"member_list";s:1:"1";s:12:"company_list";s:1:"1";s:8:"regfield";s:1:"1";s:16:"member_addmember";s:1:"1";s:14:"limitword_list";s:1:"1";s:11:"report_list";s:1:"1";s:13:"copyfrom_list";s:1:"1";s:17:"limitword_replace";s:1:"1";s:24:"article_more_avoidgather";s:1:"1";s:13:"getkeyword_do";s:1:"1";s:17:"googlemap_makemap";s:1:"1";s:20:"article_group_config";s:1:"1";s:10:"group_list";s:1:"1";s:16:"group_list_admin";s:1:"1";s:9:"group_add";s:1:"1";s:9:"menu_list";s:1:"1";s:14:"adminmenu_list";s:1:"1";s:15:"membermenu_list";s:1:"1";s:18:"makeindexhtml_make";s:1:"1";s:13:"makehtml_make";s:1:"1";s:15:"spmakehtml_make";s:1:"1";s:15:"setmakehtml_set";s:1:"1";s:9:"exam_sort";s:1:"1";s:10:"exam_title";s:1:"1";s:9:"exam_form";s:1:"1";s:9:"exam_read";s:1:"1";s:11:"index_label";s:1:"1";s:10:"s_list_fid";s:1:"1";s:13:"up_splist_fid";s:1:"1";s:15:"gather_copysina";s:1:"1";s:11:"gather_list";s:1:"1";s:16:"gather_list_sort";s:1:"1";s:12:"message_send";s:1:"1";s:9:"mail_send";s:1:"1";s:8:"sms_send";s:1:"1";s:8:"cnzz_set";s:1:"1";s:9:"code_code";s:1:"1";s:15:"style_editstyle";s:1:"1";s:13:"template_list";s:1:"1";s:12:"special_list";s:1:"1";s:15:"spsort_listsort";s:1:"1";s:15:"logs_login_logs";s:1:"1";s:18:"logs_admin_do_logs";s:1:"1";s:13:"fu_sort_power";s:1:"1";s:14:"fu_artic_power";s:1:"1";s:6:"mymenu";a:2:{s:13:"sort_listsort";s:1:"1";s:12:"comment_list";s:1:"1";}}'),
(4, 1, '前台管理员', 0, 0, 0, '', 0, 'a:1:{s:6:"mymenu";N;}'),
(8, 0, '普通会员', 0, 50, 0, 'a:31:{s:10:"upfileType";s:0:"";s:13:"upfileMaxSize";s:0:"";s:14:"PassContribute";s:1:"1";s:13:"EditPassPower";s:1:"0";s:17:"SearchArticleType";s:1:"1";s:12:"SetTileColor";s:1:"0";s:14:"SetSellArticle";s:1:"0";s:13:"SetSmallTitle";s:1:"0";s:17:"SetSpecialArticle";s:1:"1";s:17:"SetArticleKeyword";s:1:"1";s:20:"AddArticleKeywordNum";s:1:"0";s:16:"PostArticleYzImg";s:1:"0";s:21:"AddArticleCopyfromNum";s:1:"0";s:16:"SelectArticleTpl";s:1:"0";s:13:"SetArticleTpl";s:1:"0";s:18:"SelectArticleStyle";s:1:"0";s:18:"SetArticlePosttime";s:1:"0";s:18:"SetArticleViewtime";s:1:"0";s:16:"SetArticleHitNum";s:1:"0";s:18:"SetArticlePassword";s:1:"0";s:19:"SetArticleDownGroup";s:1:"0";s:19:"SetArticleViewGroup";s:1:"0";s:17:"SetArticleJumpurl";s:1:"0";s:19:"SetArticleIframeurl";s:1:"0";s:21:"SetArticleDescription";s:1:"0";s:16:"SetArticleTopCom";s:1:"0";s:17:"CollectArticleNum";s:2:"30";s:15:"CreatSpecialNum";s:1:"7";s:19:"CommentArticleYzImg";s:1:"1";s:11:"SetHtmlName";s:1:"0";s:7:"SetVote";s:1:"1";}', 0, ''),
(9, 0, 'VIP会员', 10000, 0, 0, 'a:27:{s:17:"SearchArticleType";s:1:"0";s:16:"PostArticleYzImg";s:1:"0";s:14:"PassContribute";s:1:"0";s:13:"EditPassPower";s:1:"0";s:12:"SetTileColor";s:1:"0";s:14:"SetSellArticle";s:1:"0";s:17:"SetSpecialArticle";s:1:"0";s:17:"SetArticleKeyword";s:1:"0";s:20:"AddArticleKeywordNum";s:0:"";s:21:"AddArticleCopyfromNum";s:0:"";s:18:"SelectArticleStyle";s:1:"0";s:16:"SelectArticleTpl";s:1:"0";s:13:"SetArticleTpl";s:1:"0";s:18:"SetArticlePosttime";s:1:"0";s:18:"SetArticleViewtime";s:1:"0";s:16:"SetArticleHitNum";s:1:"0";s:18:"SetArticlePassword";s:1:"0";s:19:"SetArticleDownGroup";s:1:"0";s:19:"SetArticleViewGroup";s:1:"0";s:17:"SetArticleJumpurl";s:1:"0";s:19:"SetArticleIframeurl";s:1:"0";s:21:"SetArticleDescription";s:1:"0";s:16:"SetArticleTopCom";s:1:"0";s:13:"SetSmallTitle";s:1:"0";s:19:"CommentArticleYzImg";s:1:"0";s:17:"CollectArticleNum";s:0:"";s:15:"CreatSpecialNum";s:0:"";}', 0, '');

-- --------------------------------------------------------

--
-- 表的结构 `p8_guestbook`
--

CREATE TABLE IF NOT EXISTS `p8_guestbook` (
  `id` int(7) NOT NULL auto_increment,
  `fid` mediumint(7) NOT NULL default '0',
  `ico` tinyint(2) NOT NULL default '0',
  `email` varchar(50) NOT NULL default '',
  `oicq` varchar(11) default NULL,
  `weburl` varchar(150) NOT NULL default '',
  `blogurl` varchar(150) NOT NULL default '',
  `uid` int(7) NOT NULL default '0',
  `username` varchar(30) NOT NULL default '',
  `ip` varchar(15) NOT NULL default '',
  `content` text NOT NULL,
  `yz` tinyint(1) NOT NULL default '0',
  `posttime` int(10) NOT NULL default '0',
  `list` int(10) NOT NULL default '0',
  `reply` text NOT NULL,
  PRIMARY KEY  (`id`)
) ENGINE=MyISAM DEFAULT CHARSET=utf8 AUTO_INCREMENT=1 ;

--
-- 转存表中的数据 `p8_guestbook`
--


-- --------------------------------------------------------

--
-- 表的结构 `p8_hack`
--

CREATE TABLE IF NOT EXISTS `p8_hack` (
  `keywords` varchar(30) NOT NULL default '',
  `name` varchar(30) NOT NULL default '',
  `isclose` tinyint(1) NOT NULL default '0',
  `author` varchar(30) NOT NULL default '',
  `config` text NOT NULL,
  `htmlcode` text NOT NULL,
  `hackfile` text NOT NULL,
  `hacksqltable` text NOT NULL,
  `adminurl` varchar(150) NOT NULL default '',
  `about` text NOT NULL,
  `class1` varchar(30) NOT NULL default '',
  `class2` varchar(30) NOT NULL default '',
  `list` int(10) NOT NULL default '0',
  `linkname` text NOT NULL,
  `isbiz` tinyint(1) NOT NULL default '0',
  UNIQUE KEY `keywords` (`keywords`)
) ENGINE=MyISAM DEFAULT CHARSET=utf8;

--
-- 转存表中的数据 `p8_hack`
--

INSERT INTO `p8_hack` (`keywords`, `name`, `isclose`, `author`, `config`, `htmlcode`, `hackfile`, `hacksqltable`, `adminurl`, `about`, `class1`, `class2`, `list`, `linkname`, `isbiz`) VALUES
('oicq', 'QQ在线聊天', 0, '', 'a:4:{s:8:"qq_style";s:2:"11";s:7:"pic_alt";s:10:"有事点这里";s:6:"qq_num";s:19:"121727818\r\n37352529";s:8:"web_name";s:10:"PHP168整站";}', '<a target=blank href=''tencent://message/?uin=121727818&Site=PHP168整站&Menu=yes''><img border=''0'' SRC=''http://wpa.qq.com/pa?p=1:121727818:11'' alt=''有事点这里''></a><br><br><a target=blank href=''tencent://message/?uin=37352529&Site=PHP168整站&Menu=yes''><img border=''0'' SRC=''http://wpa.qq.com/pa?p=1:37352529:11'' alt=''有事点这里''></a><br><br>', '', '', 'index.php?lfj=hack&hack=oicq&job=edit', '', '', '', 0, '', 0),
('login', '用户登录插件', 0, '', 'a:3:{s:10:"systemType";s:6:"php168";s:9:"guestcode";s:809:"<table width=\\"100%\\" border=\\"0\\" cellspacing=\\"0\\" cellpadding=\\"0\\"> <form name=\\"form1\\" method=\\"post\\" action=\\"$webdb[www_url]/login.php\\">        <tr>            <td><span class=\\''L_passport\\''>&nbsp;通行证 |</span><span class=\\"L_name\\"> 帐号：<input type=\\"text\\" name=\\"username\\" class=\\"login_name\\"></span><span class=\\"L_pwd\\"> 密码：<input type=\\"password\\" name=\\"password\\" class=\\"login_pwd\\"></span><span class=\\"L_sub\\"> <input type=\\"submit\\" name=\\"Submit\\" value=\\"登录\\" class=\\"login_sub\\"></span><span class=\\"L_reg\\"> <a href=\\"$webdb[www_url]/reg.php\\">注册</a> | <a href=\\"$webdb[www_url]/login.php\\">登录</a></span></td><input type=\\"hidden\\" name=\\"step\\" value=\\"2\\"><input class=\\"radio\\" type=\\"hidden\\" name=\\"cookietime\\" value=\\"86400\\" >        </tr></form>      </table>";s:10:"membercode";s:683:"<table width=\\"100%\\" border=\\"0\\" cellspacing=\\"0\\" cellpadding=\\"0\\" height=\\"20\\">        <tr>           <td align=\\"left\\" style=\\"padding-top:4px;\\"><span class=\\"L2_name\\">&nbsp;欢迎你回来:<a style=\\"color:#FF0000;\\">$lfjid</a></span><span class=\\\\\\"L2_msg\\\\\\"> $MSG </span><span class=\\"L2_info\\"> <a href=\\"$webdb[www_url]/blog/?uid=$lfjuid\\" target=\\"_blank\\">我的博客</a> <a href=\\"$webdb[www_url]/member/\\" target=\\"_blank\\">个人信息</a></span><span class=\\"L2_out\\"> <a href=\\"$webdb[www_url]/member/index.php?main=userinfo.php?job=edit\\" target=\\"_blank\\">修改资料</a> <a href=\\"$webdb[www_url]/login.php?action=quit\\">安全退出</a></span></td>        </tr>      </table>";}', '', '', '', 'index.php?lfj=hack&hack=login&job=list', '', '', '', 0, '', 0),
('search', '搜索', 0, '', 'a:2:{s:10:"systemType";s:6:"web168";s:10:"searchcode";s:456:"<table width=\\"100%\\" cellpadding=\\"0\\" cellspacing=\\"0\\" border=\\"0\\">\r\n  <form name=\\"formsearch\\" method=\\"post\\" action=\\"$webdb[www_url]/search.php\\">\r\n    <tr> \r\n      <td height=\\"14\\"> 关键字:<input type=\\"text\\" name=\\"keyword\\" size=\\"10\\">\r\n        <input type=\\"submit\\" name=\\"Submit32\\" value=\\"搜索\\">\r\n        <input type=\\"hidden\\" name=\\"searchTable\\" value=\\"article\\">\r\n      </td>\r\n    </tr>\r\n   \r\n  </form>\r\n</table>\r\n                ";}', '', '', '', 'index.php?lfj=hack&hack=search&job=list', '', '', '', 0, '', 0),
('webmsg', '站点统计信息', 0, 'PHP168团队', 'a:3:{s:7:"tplcode";s:491:"<table width=\\"100%\\" cellpadding=\\"0\\" cellspacing=\\"0\\" border=\\"0\\" id=\\"webmsg\\">\r\n     <tr> \r\n      <td height=\\"14\\">文章主题: {$article_num} 篇</td>\r\n    </tr>\r\n    <tr> \r\n      <td height=\\"7\\" >文章栏目: {$sort_num} 个</td>\r\n    </tr>\r\n    <tr> \r\n      <td height=\\"7\\" >文章评论: {$comment_num} 条</td>\r\n    </tr>\r\n	 <tr> \r\n      <td height=\\"7\\" >访客留言: {$guestbook_num} 条</td>\r\n    </tr>\r\n    <tr>\r\n      <td height=\\"7\\" >注册会员: {$member_num} 位</td>\r\n    </tr>\r\n</table>";s:6:"cktime";s:2:"60";s:6:"system";a:3:{s:7:"article";s:1:"1";s:4:"sort";s:1:"1";s:10:"memberdata";s:1:"1";}}', '', '', '', 'index.php?lfj=hack&hack=webmsg&job=list', '', '', '', 0, '', 0),
('count', '流量统计', 0, '', '', '', '', '', 'index.php?lfj=hack&hack=count&job=list', '', '', '', 0, '', 0),
('set_comsort_index', '网站首页设置', 0, '', '', '', '', '', 'index.php?lfj=channel&job=edit&id=1', '', 'base', '核心设置', 19, '', 0),
('article_module', '网站内容模型管理', 0, '', '', '', 'admin/article_module.php\r\nadmin/article_module/', '', 'index.php?lfj=article_module&job=list', '', 'base', '核心设置', 14, '', 0),
('form_module', '万能表单模型管理', 0, '', '', '', '/admin/form_module.php\r\n/admin/form_content.php\r\n/admin/template/form_content/\r\n/admin/template/form_module/\r\n/php168/form_tpl/\r\n/do/form.php\r\n/do/bencandy_form.php\r\n/do/list_form.php\r\n/member/form.php', '', 'index.php?lfj=form_module&job=list', '', 'base', '核心设置', 13, '', 0),
('comment_set', '内容评论设置', 0, '', '', '', '/admin/comment.php', '', 'index.php?lfj=comment&job=set', '', 'base', '核心设置', 12, '', 0),
('setmakeALLhtml_set', '网站静态页全局设置', 0, '', '', '', '', '', 'index.php?lfj=html&job=set', '', 'base', '核心设置', 11, '', 0),
('module_list', '整合P8其它系统设置', 0, '', '', '', '', '', 'index.php?lfj=module&job=list', '', 'base', '核心设置', 10, '', 0),
('blend_set', '整合外部论坛系统设置', 0, '', '', '', '', '', 'index.php?lfj=blend&job=set', '', 'base', '核心设置', 9, '', 0),
('cache_cache', '更新缓存/数据修复', 0, '', '', '', '/admin/cache.php', '', 'index.php?lfj=cache&job=cache', '', 'base', '核心设置', 15, '', 0),
('channel_list', '频道独立页管理', 0, '', '', '', '', '', 'index.php?lfj=channel&job=list', '', 'base', '网站常用功能管理', 6, '', 0),
('guestbook_list', '留言本管理', 0, '', '', '', 'admin/template/guestbook/\r\nadmin/guestbook.php\r\ndo/guestbook.php', 'p8_guestbook', 'index.php?lfj=guestbook&job=list', '', 'base', '网站常用功能管理', 7, '', 0),
('vote_list', '投票系统', 0, '', '', '', '', '', 'index.php?lfj=vote&job=list', '', 'base', '网站常用功能管理', 5, '', 0),
('mysql_sql', '数据库管理', 0, '', '', '', '', '', 'index.php?lfj=mysql&job=sql', '', 'base', '数据库工具', 6, '', 0),
('artic_addpic', '快速发图', 0, '', '', '', '', '', 'index.php?lfj=artic&job=addpic', '', 'article', '内容/栏目/评论管理', 4, '', 0),
('company_list', '企业资料管理', 0, '', '', '', '', '', 'index.php?lfj=company&job=list', '', 'member', '用户管理', 8, '', 0),
('member_addmember', '添加新用户', 0, '', '', '', '', '', 'index.php?lfj=member&job=addmember', '', 'member', '用户管理', 6, '', 0),
('regfield', '用户资料字段管理', 0, '', '', '', '', '', 'index.php?lfj=regfield&job=editsort', '', 'member', '用户管理', 7, '', 0),
('report_list', '内容好坏举报管理', 0, '', '', '', '', '', 'index.php?lfj=report&job=list', '', 'other', '内容模型插件功能', 8, '', 0),
('limitword_replace', '字符替换', 0, '', '', '', '', '', 'index.php?lfj=limitword&job=replace', '', 'other', '内容模型插件功能', 6, '', 0),
('copyfrom_list', '来源地址管理', 0, '', '', '', '', '', 'index.php?lfj=copyfrom&job=list', '', 'other', '内容模型插件功能', 7, '', 0),
('googlemap_makemap', '百度新闻协议/google协', 0, '', '', '', '', '', 'index.php?lfj=googlemap&job=makemap', '', 'other', '内容模型插件功能', 3, '', 0),
('ad_listAdPlace', '普通广告位管理', 0, '', '', '', '', '', 'index.php?lfj=ad&job=listad', '', 'other', '广告模块', 9, '', 0),
('ad_listuserad', '普通广告销售管理', 0, '', '', '', '', '', 'index.php?lfj=ad&job=listuserad', '', 'other', '广告模块', 8, '', 0),
('sellad', '竞价广告位管理', 0, '', '', '', '', '', 'index.php?lfj=sellad&job=listad', '', 'other', '广告模块', 7, '', 0),
('sellad_listuser', '竞价广告销售管理', 0, '', '', '', '', '', 'index.php?lfj=sellad&job=listuser', '', 'other', '广告模块', 6, '', 0),
('alipay_set', '在线充值支付管理', 0, '', '', '', '', '', 'index.php?lfj=alipay&job=list', '', 'other', '电子商务管理', 9, '', 0),
('shoporder', '商城订单管理', 0, '', '', '', '', '', 'index.php?lfj=shoporder&job=list', '', 'other', '电子商务管理', 8, '', 0),
('template_list', '模板设置', 0, '', '', '', '', '', 'index.php?lfj=template&job=list', '', 'other', '风格/模板设置', 1, '', 0),
('style_editstyle', '风格管理', 0, '', '', '', '', '', 'index.php?lfj=style&job=edittpl', '', 'other', '风格/模板设置', 2, '', 0),
('exam_sort', '问卷分类管理', 0, '', '', '', '', '', 'index.php?lfj=exam_sort&job=listsort', '', 'other', '问卷调查模块', 4, '', 0),
('exam_title', '问卷题库管理', 0, '', '', '', '', '', 'index.php?lfj=exam_title&job=list', '', 'other', '问卷调查模块', 3, '', 0),
('exam_form', '问卷表单管理', 0, '', '', '', '', '', 'index.php?lfj=exam_form&job=list', '', 'other', '问卷调查模块', 2, '', 0),
('exam_read', '问卷表单批阅', 0, '', '', '', '', '', 'index.php?lfj=exam_read&job=list', '', 'other', '问卷调查模块', 1, '', 0),
('gather_copysina', '新浪新闻采集', 0, '', '', '', '', '', 'index.php?lfj=gather&job=copysina', '', 'other', '数据采集器', 3, '', 0),
('gather_list', '采集规则管理', 0, '', '', '', '', '', 'index.php?lfj=gather&job=list', '', 'other', '数据采集器', 2, '', 0),
('gather_list_sort', '采集规则分类管理', 0, '', '', '', '', '', 'index.php?lfj=gather_sort&job=list', '', 'other', '数据采集器', 1, '', 0),
('js_list', 'JS内容调用', 0, '', '', '', '', '', 'index.php?lfj=js&job=list', '', 'other', '其它功能', 9, '', 0),
('propagandize_list', '推广赚取积分功能', 0, '', '', '', '', '', 'index.php?lfj=propagandize&job=list', '', 'other', '其它功能', 8, '', 0),
('jfadmin_mod', '积分介绍管理', 0, '', '', '', '', '', 'index.php?lfj=jfadmin&job=listjf', '', 'other', '其它功能', 7, '', 0),
('attachment_list', '附件管理', 0, '', '', '', '', '', 'index.php?lfj=attachment&job=list', '', 'other', '其它功能', 6, '', 0),
('area_list', '地区管理', 0, '', '', '', '', '', 'index.php?lfj=area&job=list', '', 'other', '其它功能', 5, '', 0),
('upgrade_ol', '系统在线升级', 0, '', '', '', '', '', 'index.php?lfj=upgrade&job=get', '', 'other', '其它功能', 4, '', 0),
('mail_send', '邮件群发', 0, '', '', '', '', '', 'index.php?lfj=mail&job=send', '', 'other', '消息/邮件群发', 2, '', 0),
('message_send', '站内消息群发', 0, '', '', '', '', '', 'index.php?lfj=message&job=send', '', 'other', '消息/邮件群发', 3, '', 0),
('sms_send', '手机短信群发', 0, '', '', '', '', '', 'index.php?lfj=sms&job=send', '', 'other', '消息/邮件群发', 1, '', 0),
('code_code', 'PHPWIND营销模块', 0, '', '', '', '', '', 'index.php?lfj=code&job=code', '', 'other', '站外功能', 2, '', 0),
('cnzz_set', 'CNZZ流量统计', 0, '', '', '', '', '', 'index.php?lfj=cnzz&job=ask', '', 'other', '站外功能', 3, '', 0),
('center_config', '网站全局参数设置', 0, '', '', '', '/admin/template/center/config.htm', '', 'index.php?lfj=center&job=config', '', 'base', '核心设置', 20, '', 0),
('article_more_config', '内容模型基本设置', 0, '', '', '', '/admin/article_more.php', '', 'index.php?lfj=article_more&job=config', '', 'base', '核心设置', 16, '', 0),
('hack_list', '功能管理中心', 0, '', '', '', '/admin/hack.php\r\n/admin/template/hack/list.htm', '', 'index.php?lfj=hack&job=list', '', 'base', '核心设置', 8, '', 0),
('menu_list', '网站头部导航菜单设置', 0, '', '', '', '', '', 'index.php?lfj=guidemenu&job=list', '', 'base', '菜单管理', 5, '', 0),
('adminmenu_list', '管理员后台菜单设置', 0, '', '', '', '', '', 'index.php?lfj=adminguidemenu&job=list', '', 'base', '菜单管理', 4, '', 0),
('membermenu_list', '会员中心菜单设置', 0, '', '', '', '', '', 'index.php?lfj=memberguidemenu&job=list', '', 'base', '菜单管理', 3, '', 0),
('alonepage_list', '单篇文章独立页面管理', 0, '', '', '', '', '', 'index.php?lfj=alonepage&job=list', '', 'base', '网站常用功能管理', 8, '', 0),
('friendlink_mod', '友情链接管理', 0, '', '', '', '', '', 'index.php?lfj=friendlink&job=list', '', 'base', '网站常用功能管理', 9, '', 0),
('mysql_out', '备份数据库', 0, '', '', '', '', '', 'index.php?lfj=mysql&job=out', '', 'base', '数据库工具', 9, '', 0),
('mysql_into', '数据库还原', 0, '', '', '', '', '', 'index.php?lfj=mysql&job=into', '', 'base', '数据库工具', 8, '', 0),
('mysql_del', '删除备份数据', 0, '', '', '', '', '', 'index.php?lfj=mysql&job=del', '', 'base', '数据库工具', 7, '', 0),
('sort_listsort', '栏目管理', 0, '', '', '', '', '', 'index.php?lfj=sort&job=listsort&only=&mid=', '', 'article', '内容/栏目/评论管理', 9, '</a><A HREF=''index.php?lfj=sort&job=listsort&only=&mid='' target=main>栏目管理</A> | <A HREF=''index.php?lfj=sort&job=addsort&only=&mid='' target=main>创建栏目</A> <a>', 0),
('artic_listartic', '内容管理', 0, '', '', '', '', '', 'index.php?lfj=artic&job=listartic&only=1&mid=', '', 'article', '内容/栏目/评论管理', 8, '内容管理<font color=#959595>(修改、删除等)</font>', 0),
('comment_list', '评论管理', 0, '', '', '', '', '', 'index.php?lfj=comment&job=list', '', 'article', '内容/栏目/评论管理', 7, '', 0),
('form_content', '万能表单内容管理', 0, '', '', '', '', '', 'index.php?lfj=form_content&job=list', '', 'article', '内容/栏目/评论管理', 6, '', 0),
('artic_postnew', '发表文章', 0, '', '', '', '', '', 'index.php?lfj=post&job=postnew&only=1&mid=', '', 'article', '内容/栏目/评论管理', 5, '发表<font color=#959595>(文章、图片等)</font>', 0),
('index_label', '首页标签设置', 0, '', '', '', '', '', '../index.php?&ch=1&chtype=0&jobs=show', '', 'article', '更新标签内容', 4, '', 0),
('s_list_fid', '栏目/内容页标签设置', 0, '', '', '', '', '', 'index.php?lfj=channel&job=list_fid', '', 'article', '更新标签内容', 3, '', 0),
('up_splist_fid', '专题页标签设置', 0, '', '', '', '', '', 'index.php?lfj=special&job=list&onlyshow=label', '', 'article', '更新标签内容', 2, '', 0),
('makeindexhtml_make', '主页静态', 0, '', '', '', '', '', '../index.php?&ch=1&MakeIndex=1', '', 'article', '静态页生成管理', 5, '</a><a href=''../index.php?&ch=1&MakeIndex=1'' target=''_blank'' onclick="return confirm(''你确实要把首页生成静态吗?生成静态后,如有更改其它相关设置,需要重新点击生成一次静态.才可以看到效果.'')");">主页静态</a> | <A HREF=''index.php?lfj=center&job=delindex'' target=main>删除</A><a>', 0),
('makehtml_make', '栏目内容静态页管理', 0, '', '', '', '', '', 'index.php?lfj=html&job=list', '', 'article', '静态页生成管理', 4, '', 0),
('spmakehtml_make', '专题静态页管理', 0, '', '', '', '', '', 'index.php?lfj=html&job=listsp', '', 'article', '静态页生成管理', 3, '', 0),
('setmakehtml_set', '静态网页样式设置', 0, '', '', '', '', '', 'index.php?lfj=html&job=set', '', 'article', '静态页生成管理', 2, '', 0),
('special_list', '专题管理', 0, '', '', '', '', '', 'index.php?lfj=special&job=list', '', 'article', '专题管理', 2, '', 0),
('spsort_listsort', '专题分类管理', 0, '', '', '', '', '', 'index.php?lfj=spsort&job=listsort', '', 'article', '专题管理', 1, '', 0),
('member_list', '用户资料管理', 0, '', '', '', '', '', 'index.php?lfj=member&job=list', '', 'member', '用户管理', 9, '', 0),
('article_group_config', '内容模型权限设置', 0, '', '', '', '', '', 'index.php?lfj=article_group&job=list', '', 'member', '权限管理', 6, '', 0),
('group_list', '前台权限管理', 0, '', '', '', '', '', 'index.php?lfj=group&job=list', '', 'member', '权限管理', 5, '', 0),
('group_list_admin', '后台权限管理', 0, '', '', '', '', '', 'index.php?lfj=group&job=list_admin', '', 'member', '权限管理', 4, '', 0),
('group_add', '添加用户组', 0, '', '', '', '', '', 'index.php?lfj=group&job=add', '', 'member', '权限管理', 3, '', 0),
('getkeyword_do', '关键字管理', 0, '', '', '', '', '', 'index.php?lfj=getkeyword&job=list', '', 'other', '内容模型插件功能', 4, '</a><A HREF=''index.php?lfj=getkeyword&job=list'' target=''main''>关键字管理</A> | <A HREF=''index.php?lfj=getkeyword&job=get'' target=''main''>提取关键字</A><a>', 0),
('limitword_list', '不良词语过滤', 0, '', '', '', '', '', 'index.php?lfj=limitword&job=list', '', 'other', '内容模型插件功能', 9, '', 0),
('article_more_avoidgather', '防采集设置', 0, '', '', '', '', '', 'index.php?lfj=article_more&job=avoidgather', '', 'other', '内容模型插件功能', 5, '', 1),
('moneycard_make', '点卡充值管理', 0, '', '', '', '', '', 'index.php?lfj=moneycard&job=make', '', 'other', '电子商务管理', 7, '', 1),
('logs_login_logs', '后台登录日志', 0, '', '', '', '', '', 'index.php?lfj=logs&job=login_logs', '', 'other', '日志管理', 2, '', 0),
('logs_admin_do_logs', '后台操作日志', 0, '', '', '', '', '', 'index.php?lfj=logs&job=admin_logs', '', 'other', '日志管理', 1, '', 0),
('user_reg', '会员注册设置', 0, '', '', '', '/admin/template/center/user_reg.htm', '', 'index.php?lfj=center&job=user_reg', '', 'base', '核心设置', 18, '', 0),
('center_cache', '高速缓存设置', 0, '', '', '', '/admin/template/center/cache.htm', '', 'index.php?lfj=center&job=cache', '', 'base', '核心设置', 17, '', 0),
('fu_sort_power', '辅栏目管理', 0, '', '', '', '', '', 'index.php?lfj=fu_sort&job=listsort', '', 'article', '辅栏目管理', 0, '', 0),
('fu_artic_power', '辅栏目内容管理', 0, '', '', '', '', '', 'index.php?lfj=fu_artic&job=listartic', '', 'article', '辅栏目管理', 0, '', 0);

-- --------------------------------------------------------

--
-- 表的结构 `p8_jfabout`
--

CREATE TABLE IF NOT EXISTS `p8_jfabout` (
  `id` mediumint(7) NOT NULL auto_increment,
  `fid` mediumint(5) NOT NULL default '0',
  `title` varchar(150) NOT NULL default '',
  `content` text NOT NULL,
  `list` int(10) NOT NULL default '0',
  PRIMARY KEY  (`id`)
) ENGINE=MyISAM  DEFAULT CHARSET=utf8 AUTO_INCREMENT=10 ;

--
-- 转存表中的数据 `p8_jfabout`
--

INSERT INTO `p8_jfabout` (`id`, `fid`, `title`, `content`, `list`) VALUES
(6, 2, '发表文章可得{$webdb[postArticleMoney]}个积分', '只有审核后的文章才可得积分,没审核的文章不得积分.', 0),
(7, 2, '删除文章扣除{$webdb[deleteArticleMoney]}个积分', '', 0),
(5, 1, '用户注册可得{$webdb[regmoney]}个积分', '', 0),
(8, 2, '文章被设置为精华可得{$webdb[comArticleMoney]}个积分', '', 0),
(9, 1, '每个点卡可兑换{$webdb[MoneyRatio]}个积分,点卡可以通过在线充值获得.', '', 0);

-- --------------------------------------------------------

--
-- 表的结构 `p8_jfsort`
--

CREATE TABLE IF NOT EXISTS `p8_jfsort` (
  `fid` mediumint(5) NOT NULL auto_increment,
  `name` varchar(50) NOT NULL default '',
  `list` int(10) NOT NULL default '0',
  PRIMARY KEY  (`fid`)
) ENGINE=MyISAM  DEFAULT CHARSET=utf8 AUTO_INCREMENT=3 ;

--
-- 转存表中的数据 `p8_jfsort`
--

INSERT INTO `p8_jfsort` (`fid`, `name`, `list`) VALUES
(1, '会员中心', 0),
(2, '文章中心', 0);

-- --------------------------------------------------------

--
-- 表的结构 `p8_keyword`
--

CREATE TABLE IF NOT EXISTS `p8_keyword` (
  `id` mediumint(5) NOT NULL auto_increment,
  `keywords` varchar(30) NOT NULL default '',
  `list` int(10) NOT NULL default '0',
  `uid` mediumint(7) NOT NULL default '0',
  `ifhide` tinyint(1) NOT NULL default '0',
  `url` varchar(150) NOT NULL default '',
  `num` smallint(4) unsigned NOT NULL default '0',
  PRIMARY KEY  (`id`),
  KEY `keywords` (`keywords`),
  KEY `num` (`num`)
) ENGINE=MyISAM DEFAULT CHARSET=utf8 AUTO_INCREMENT=1 ;

--
-- 转存表中的数据 `p8_keyword`
--


-- --------------------------------------------------------

--
-- 表的结构 `p8_keywordid`
--

CREATE TABLE IF NOT EXISTS `p8_keywordid` (
  `id` mediumint(7) NOT NULL default '0',
  `aid` mediumint(7) NOT NULL default '0',
  KEY `id` (`id`),
  KEY `aid` (`aid`)
) ENGINE=MyISAM DEFAULT CHARSET=utf8;

--
-- 转存表中的数据 `p8_keywordid`
--


-- --------------------------------------------------------

--
-- 表的结构 `p8_label`
--

CREATE TABLE IF NOT EXISTS `p8_label` (
  `lid` int(10) NOT NULL auto_increment,
  `name` varchar(100) NOT NULL default '',
  `ch` smallint(4) NOT NULL default '0',
  `chtype` tinyint(2) NOT NULL default '0',
  `tag` varchar(50) NOT NULL default '',
  `type` varchar(30) NOT NULL default '',
  `typesystem` tinyint(1) NOT NULL default '0',
  `code` text NOT NULL,
  `divcode` text,
  `hide` tinyint(1) NOT NULL default '0',
  `js_time` int(10) NOT NULL default '0',
  `uid` mediumint(7) NOT NULL default '0',
  `username` varchar(30) NOT NULL default '',
  `posttime` int(10) NOT NULL default '0',
  `pagetype` tinyint(3) NOT NULL default '0',
  `module` mediumint(6) NOT NULL default '0',
  `fid` mediumint(7) NOT NULL default '0',
  `if_js` tinyint(1) NOT NULL default '0',
  `style` varchar(40) NOT NULL default '',
  PRIMARY KEY  (`lid`),
  KEY `ch` (`ch`,`pagetype`,`module`,`fid`,`chtype`),
  KEY `tag` (`tag`)
) ENGINE=MyISAM  DEFAULT CHARSET=utf8 AUTO_INCREMENT=386 ;

--
-- 转存表中的数据 `p8_label`
--

INSERT INTO `p8_label` (`lid`, `name`, `ch`, `chtype`, `tag`, `type`, `typesystem`, `code`, `divcode`, `hide`, `js_time`, `uid`, `username`, `posttime`, `pagetype`, `module`, `fid`, `if_js`, `style`) VALUES
(298, '', 1, 0, 'bodyad', 'pic', 0, 'a:4:{s:6:"imgurl";s:32:"label/1_20090420140457_NOGYw.jpg";s:7:"imglink";s:47:"http://www.phpwind.net/read-htm-tid-761520.html";s:5:"width";s:3:"990";s:6:"height";s:2:"80";}', 'a:3:{s:5:"div_w";s:3:"990";s:5:"div_h";s:2:"80";s:11:"div_bgcolor";s:0:"";}', 0, 0, 1, 'admin', 1240210319, 0, 0, 0, 0, 'default'),
(299, '', 1, 0, 'b2', 'comment', 1, 'a:25:{s:9:"tplpart_1";s:588:"<div>\r\n  <div style="float:left;"><b><font color="#990000">{$username}</font></b> 于 <font color="#990000">{$time_m}-{$time_d} \r\n    {$time_H}:{$time_i}</font> 对 </div>\r\n  <a target=''_blank'' href="$webdb[www_url]/do/comment.php?fid=$fid&id=$aid" style="overflow:hidden;\r\n	text-overflow:ellipsis;\r\n	white-space:nowrap;width:230px;float:left;display:black;"><font color="#0000FF">{$article}</font></a><div style="float:left;">发表如下评论</div></div>\r\n<div style="clear:both;border-bottom:1px dotted #ccc;margin-bottom:5px;width:99%;">　<font color="#666666">{$title}</font></div>";s:13:"tplpart_1code";s:588:"<div>\r\n  <div style="float:left;"><b><font color="#990000">{$username}</font></b> 于 <font color="#990000">{$time_m}-{$time_d} \r\n    {$time_H}:{$time_i}</font> 对 </div>\r\n  <a target=''_blank'' href="$webdb[www_url]/do/comment.php?fid=$fid&id=$aid" style="overflow:hidden;\r\n	text-overflow:ellipsis;\r\n	white-space:nowrap;width:230px;float:left;display:black;"><font color="#0000FF">{$article}</font></a><div style="float:left;">发表如下评论</div></div>\r\n<div style="clear:both;border-bottom:1px dotted #ccc;margin-bottom:5px;width:99%;">　<font color="#666666">{$title}</font></div>";s:13:"tplpart_2code";s:0:"";s:3:"SYS";s:7:"comment";s:11:"roll_height";s:2:"50";s:3:"url";N;s:5:"width";s:3:"200";s:6:"height";s:3:"200";s:7:"tplpath";s:0:"";s:6:"DivTpl";i:1;s:5:"fiddb";N;s:5:"stype";s:1:"4";s:2:"yz";s:1:"1";s:7:"hidefid";N;s:10:"timeformat";s:11:"Y-m-d H:i:s";s:5:"order";N;s:3:"asc";N;s:6:"levels";s:3:"all";s:7:"rowspan";s:1:"5";s:3:"sql";s:149:" SELECT A.*,A.content AS title,B.title AS article FROM p8_comment A LEFT JOIN p8_article B ON A.aid=B.aid  WHERE A.yz=1  ORDER BY A.cid DESC LIMIT 5 ";s:7:"colspan";s:1:"1";s:11:"content_num";s:2:"80";s:8:"titlenum";s:2:"80";s:10:"titleflood";s:1:"0";s:10:"c_rolltype";s:1:"0";}', 'a:3:{s:5:"div_w";s:3:"468";s:5:"div_h";s:3:"190";s:11:"div_bgcolor";s:0:"";}', 0, 0, 1, 'admin', 1243739122, 0, 0, 0, 0, 'default'),
(300, '', 1, 0, 'listpic2', 'article', 1, 'a:29:{s:13:"tplpart_1code";s:322:"<div  class="listpic" style="padding:5px 9px 3px 17px;"> \r\n              <p class=img><a href="$url" target="_blank"><img width="120" height="90" src="$picurl" border="0"></a></p>\r\n              <p class=title style=''text-align:center;''><A HREF="$url" title=''$full_title'' target="_blank">$title</A></p>\r\n            </div>";s:13:"tplpart_2code";s:0:"";s:3:"SYS";s:7:"artcile";s:11:"roll_height";s:2:"50";s:5:"width";s:3:"200";s:6:"height";s:3:"200";s:7:"newhour";s:2:"24";s:7:"hothits";s:3:"100";s:7:"amodule";s:3:"100";s:7:"tplpath";s:24:"/common_pic/img_div1.jpg";s:6:"DivTpl";i:1;s:5:"fiddb";s:2:"10";s:5:"stype";s:1:"p";s:2:"yz";s:1:"1";s:7:"hidefid";N;s:10:"timeformat";s:11:"Y-m-d H:i:s";s:5:"order";s:5:"A.aid";s:3:"asc";s:4:"DESC";s:6:"levels";s:3:"all";s:7:"rowspan";s:1:"6";s:3:"sql";s:152:" SELECT A.*,A.aid AS id FROM p8_article A  WHERE A.yz=1  AND A.fid IN (10)  AND A.mid=''100''  AND A.ispic=1   AND A.ispic=1  ORDER BY A.aid DESC LIMIT 6 ";s:4:"sql2";N;s:7:"colspan";s:1:"1";s:11:"content_num";s:2:"80";s:12:"content_num2";s:3:"120";s:8:"titlenum";s:2:"20";s:9:"titlenum2";s:2:"40";s:10:"titleflood";s:1:"0";s:10:"c_rolltype";s:1:"0";}', 'a:3:{s:5:"div_w";s:2:"50";s:5:"div_h";s:2:"21";s:11:"div_bgcolor";s:0:"";}', 0, 0, 1, 'admin', 1239006574, 0, 0, 0, 0, 'default'),
(301, '', 1, 0, 'listpic3', 'article', 1, 'a:29:{s:13:"tplpart_1code";s:322:"<div  class="listpic" style="padding:5px 9px 3px 17px;"> \r\n              <p class=img><a href="$url" target="_blank"><img width="120" height="90" src="$picurl" border="0"></a></p>\r\n              <p class=title style=''text-align:center;''><A HREF="$url" title=''$full_title'' target="_blank">$title</A></p>\r\n            </div>";s:13:"tplpart_2code";s:0:"";s:3:"SYS";s:7:"artcile";s:11:"roll_height";s:2:"50";s:5:"width";s:3:"200";s:6:"height";s:3:"200";s:7:"newhour";s:2:"24";s:7:"hothits";s:3:"100";s:7:"amodule";s:3:"102";s:7:"tplpath";s:24:"/common_pic/img_div1.jpg";s:6:"DivTpl";i:1;s:5:"fiddb";N;s:5:"stype";s:1:"p";s:2:"yz";s:1:"1";s:7:"hidefid";N;s:10:"timeformat";s:11:"Y-m-d H:i:s";s:5:"order";s:5:"A.aid";s:3:"asc";s:4:"DESC";s:6:"levels";s:3:"all";s:7:"rowspan";s:1:"6";s:3:"sql";s:133:" SELECT A.*,A.aid AS id FROM p8_article A  WHERE A.yz=1  AND A.mid=''102''  AND A.ispic=1   AND A.ispic=1  ORDER BY A.aid DESC LIMIT 6 ";s:4:"sql2";N;s:7:"colspan";s:1:"1";s:11:"content_num";s:2:"80";s:12:"content_num2";s:3:"120";s:8:"titlenum";s:2:"20";s:9:"titlenum2";s:2:"40";s:10:"titleflood";s:1:"0";s:10:"c_rolltype";s:1:"0";}', 'a:3:{s:5:"div_w";s:2:"50";s:5:"div_h";s:2:"30";s:11:"div_bgcolor";s:0:"";}', 0, 0, 1, 'admin', 1239006730, 0, 0, 0, 0, 'default'),
(152, '', 1, 0, 'hotarticle', 'article', 1, 'a:31:{s:13:"tplpart_1code";s:212:"<div style="background:url($webdb[www_url]/images/default/i/$i.gif) no-repeat 0px 2px;height:23px;text-indent:1.3em;"><A HREF="$url" target=''_blank'' style="$fontcolor;$fontweight;font-size:13px;">$title</a></div>";s:13:"tplpart_2code";s:0:"";s:3:"SYS";s:7:"artcile";s:8:"rolltype";s:10:"scrollLeft";s:8:"rolltime";s:1:"3";s:11:"roll_height";s:2:"50";s:5:"width";s:3:"200";s:6:"height";s:3:"200";s:7:"newhour";s:2:"24";s:7:"hothits";s:2:"30";s:7:"amodule";s:1:"0";s:7:"tplpath";s:27:"/common_title/2title_i2.jpg";s:6:"DivTpl";i:1;s:5:"fiddb";N;s:5:"stype";s:1:"t";s:2:"yz";s:3:"all";s:7:"hidefid";N;s:10:"timeformat";s:11:"Y-m-d H:i:s";s:5:"order";s:6:"A.hits";s:3:"asc";s:4:"DESC";s:6:"levels";s:3:"all";s:7:"rowspan";s:1:"9";s:3:"sql";s:97:" SELECT A.*,A.aid AS id FROM p8_article A  WHERE 1  AND A.mid=''0''   ORDER BY A.hits DESC LIMIT 9 ";s:4:"sql2";N;s:7:"colspan";s:1:"1";s:11:"content_num";s:2:"80";s:12:"content_num2";s:3:"120";s:8:"titlenum";s:2:"28";s:9:"titlenum2";s:2:"40";s:10:"titleflood";s:1:"0";s:10:"c_rolltype";s:1:"0";}', 'a:3:{s:5:"div_w";s:3:"228";s:5:"div_h";s:3:"204";s:11:"div_bgcolor";s:0:"";}', 0, 0, 1, 'admin', 1243735698, 0, 0, 0, 0, 'default'),
(163, '', 1, 0, 'listpic', 'article', 1, 'a:31:{s:13:"tplpart_1code";s:322:"<div  class="listpic" style="padding:7px 9px 3px 17px;"> \r\n              <p class=img><a href="$url" target="_blank"><img width="120" height="90" src="$picurl" border="0"></a></p>\r\n              <p class=title style=''text-align:center;''><A HREF="$url" title=''$full_title'' target="_blank">$title</A></p>\r\n            </div>";s:13:"tplpart_2code";s:0:"";s:3:"SYS";s:7:"artcile";s:8:"rolltype";s:10:"scrollLeft";s:8:"rolltime";s:1:"3";s:11:"roll_height";s:2:"50";s:5:"width";s:3:"200";s:6:"height";s:3:"200";s:7:"newhour";s:2:"24";s:7:"hothits";s:3:"100";s:7:"amodule";s:1:"0";s:7:"tplpath";s:24:"/common_pic/img_div1.jpg";s:6:"DivTpl";i:0;s:5:"fiddb";s:2:"33";s:5:"stype";s:1:"p";s:2:"yz";s:1:"1";s:7:"hidefid";N;s:10:"timeformat";s:11:"Y-m-d H:i:s";s:5:"order";s:6:"A.list";s:3:"asc";s:4:"DESC";s:6:"levels";s:1:"1";s:7:"rowspan";s:1:"2";s:3:"sql";s:167:" SELECT A.*,A.aid AS id FROM p8_article A  WHERE A.yz=1  AND A.levels=1  AND A.fid IN (33)  AND A.mid=''0''  AND A.ispic=1   AND A.ispic=1  ORDER BY A.list DESC LIMIT 6 ";s:4:"sql2";N;s:7:"colspan";s:1:"3";s:11:"content_num";s:2:"80";s:12:"content_num2";s:3:"120";s:8:"titlenum";s:2:"20";s:9:"titlenum2";s:2:"40";s:10:"titleflood";s:1:"0";s:10:"c_rolltype";s:1:"0";}', 'a:3:{s:5:"div_w";s:3:"459";s:5:"div_h";s:3:"254";s:11:"div_bgcolor";s:0:"";}', 0, 0, 1, 'admin', 1241074794, 0, 0, 0, 0, 'default'),
(297, '', 1, 0, 'indexad1', 'pic', 0, 'a:4:{s:6:"imgurl";s:32:"label/1_20090418170418_Ak4sM.jpg";s:7:"imglink";s:21:"http://www.ceodh.com/";s:5:"width";s:3:"243";s:6:"height";s:2:"93";}', 'a:3:{s:5:"div_w";s:3:"240";s:5:"div_h";s:2:"93";s:11:"div_bgcolor";s:0:"";}', 0, 0, 1, 'admin', 1240149678, 0, 0, 0, 0, 'default'),
(182, '', 1, 0, 'Title1', 'code', 0, 'web新闻', 'a:4:{s:9:"html_edit";s:0:"";s:5:"div_w";s:3:"220";s:5:"div_h";s:2:"23";s:11:"div_bgcolor";s:0:"";}', 0, 0, 1, 'admin', 1240127514, 0, 0, 0, 0, 'default'),
(183, '', 1, 0, 'Title2', 'code', 0, '求职招聘', 'a:4:{s:9:"html_edit";s:0:"";s:5:"div_w";s:3:"255";s:5:"div_h";s:2:"26";s:11:"div_bgcolor";s:0:"";}', 0, 0, 1, 'admin', 1239767486, 0, 0, 0, 0, 'default'),
(184, '', 1, 0, 'Title3', 'code', 0, '软件下载', 'a:4:{s:9:"html_edit";s:0:"";s:5:"div_w";s:3:"210";s:5:"div_h";s:2:"23";s:11:"div_bgcolor";s:0:"";}', 0, 0, 1, 'admin', 1239022710, 0, 0, 0, 0, 'default'),
(185, '', 1, 0, 'Title4', 'code', 0, '社会新闻', 'a:4:{s:9:"html_edit";s:0:"";s:5:"div_w";s:3:"210";s:5:"div_h";s:2:"23";s:11:"div_bgcolor";s:0:"";}', 0, 0, 1, 'admin', 1239022689, 0, 0, 0, 0, 'default'),
(186, '', 1, 0, 'Title5', 'code', 0, '文章评论', 'a:4:{s:9:"html_edit";s:0:"";s:5:"div_w";s:3:"455";s:5:"div_h";s:2:"24";s:11:"div_bgcolor";s:0:"";}', 0, 0, 1, 'admin', 1239022487, 0, 0, 0, 0, 'default'),
(187, '', 1, 0, 'Title6', 'code', 0, '优秀会员', 'a:4:{s:9:"html_edit";s:0:"";s:5:"div_w";s:2:"50";s:5:"div_h";s:2:"21";s:11:"div_bgcolor";s:0:"";}', 0, 0, 1, 'admin', 1240899624, 0, 0, 0, 0, 'default'),
(188, '', 1, 0, 'Title01', 'code', 0, '热门文章', 'a:4:{s:9:"html_edit";s:0:"";s:5:"div_w";s:3:"210";s:5:"div_h";s:2:"24";s:11:"div_bgcolor";s:0:"";}', 0, 0, 1, 'admin', 1239022429, 0, 0, 0, 0, 'default'),
(189, '', 1, 0, 'Title02', 'code', 0, '最受关注', 'a:4:{s:9:"html_edit";s:0:"";s:5:"div_w";s:3:"234";s:5:"div_h";s:2:"23";s:11:"div_bgcolor";s:0:"";}', 0, 0, 1, 'admin', 1239022631, 0, 0, 0, 0, 'default'),
(263, '', 1, 99, 'SP_adword', 'code', 0, '全力打造国内一流CMS系统！', 'a:4:{s:9:"html_edit";s:0:"";s:5:"div_w";s:0:"";s:5:"div_h";s:0:"";s:11:"div_bgcolor";s:0:"";}', 0, 0, 1, 'admin', 0, 0, 0, 0, 0, ''),
(284, '', 1, 0, 'Title_jinjaad', 'code', 0, '投票调查', 'a:4:{s:9:"html_edit";s:0:"";s:5:"div_w";s:3:"215";s:5:"div_h";s:2:"26";s:11:"div_bgcolor";s:0:"";}', 0, 0, 1, 'admin', 1239022512, 0, 0, 0, 0, 'default'),
(285, '', 1, 0, 'jinjaad', 'hack_vote', 0, '<SCRIPT src=''http://www_php168_com/do/vote.php?job=js&cid=6''></SCRIPT>', 'a:4:{s:6:"voteid";s:1:"6";s:5:"div_w";s:3:"229";s:5:"div_h";s:3:"138";s:11:"div_bgcolor";s:0:"";}', 0, 0, 1, 'admin', 1239010747, 0, 0, 0, 0, 'default'),
(302, '', 1, 0, 'listpic4', 'article', 1, 'a:29:{s:13:"tplpart_1code";s:322:"<div  class="listpic" style="padding:5px 9px 3px 17px;"> \r\n              <p class=img><a href="$url" target="_blank"><img width="120" height="90" src="$picurl" border="0"></a></p>\r\n              <p class=title style=''text-align:center;''><A HREF="$url" title=''$full_title'' target="_blank">$title</A></p>\r\n            </div>";s:13:"tplpart_2code";s:0:"";s:3:"SYS";s:7:"artcile";s:11:"roll_height";s:2:"50";s:5:"width";s:3:"200";s:6:"height";s:3:"200";s:7:"newhour";s:2:"24";s:7:"hothits";s:3:"100";s:7:"amodule";s:3:"103";s:7:"tplpath";s:24:"/common_pic/img_div1.jpg";s:6:"DivTpl";i:1;s:5:"fiddb";N;s:5:"stype";s:1:"p";s:2:"yz";s:1:"1";s:7:"hidefid";N;s:10:"timeformat";s:11:"Y-m-d H:i:s";s:5:"order";s:5:"A.aid";s:3:"asc";s:4:"DESC";s:6:"levels";s:3:"all";s:7:"rowspan";s:1:"6";s:3:"sql";s:133:" SELECT A.*,A.aid AS id FROM p8_article A  WHERE A.yz=1  AND A.mid=''103''  AND A.ispic=1   AND A.ispic=1  ORDER BY A.aid DESC LIMIT 6 ";s:4:"sql2";N;s:7:"colspan";s:1:"1";s:11:"content_num";s:2:"80";s:12:"content_num2";s:3:"120";s:8:"titlenum";s:2:"20";s:9:"titlenum2";s:2:"40";s:10:"titleflood";s:1:"0";s:10:"c_rolltype";s:1:"0";}', 'a:3:{s:5:"div_w";s:2:"50";s:5:"div_h";s:2:"21";s:11:"div_bgcolor";s:0:"";}', 0, 0, 1, 'admin', 1239006655, 0, 0, 0, 0, 'default'),
(303, '', 1, 0, 'listpic5', 'article', 1, 'a:29:{s:13:"tplpart_1code";s:322:"<div  class="listpic" style="padding:5px 9px 3px 17px;"> \r\n              <p class=img><a href="$url" target="_blank"><img width="120" height="90" src="$picurl" border="0"></a></p>\r\n              <p class=title style=''text-align:center;''><A HREF="$url" title=''$full_title'' target="_blank">$title</A></p>\r\n            </div>";s:13:"tplpart_2code";s:0:"";s:3:"SYS";s:7:"artcile";s:11:"roll_height";s:2:"50";s:5:"width";s:3:"200";s:6:"height";s:3:"200";s:7:"newhour";s:2:"24";s:7:"hothits";s:3:"100";s:7:"amodule";s:3:"104";s:7:"tplpath";s:24:"/common_pic/img_div1.jpg";s:6:"DivTpl";i:1;s:5:"fiddb";N;s:5:"stype";s:1:"p";s:2:"yz";s:1:"1";s:7:"hidefid";N;s:10:"timeformat";s:11:"Y-m-d H:i:s";s:5:"order";s:5:"A.aid";s:3:"asc";s:4:"DESC";s:6:"levels";s:3:"all";s:7:"rowspan";s:1:"6";s:3:"sql";s:133:" SELECT A.*,A.aid AS id FROM p8_article A  WHERE A.yz=1  AND A.mid=''104''  AND A.ispic=1   AND A.ispic=1  ORDER BY A.aid DESC LIMIT 6 ";s:4:"sql2";N;s:7:"colspan";s:1:"1";s:11:"content_num";s:2:"80";s:12:"content_num2";s:3:"120";s:8:"titlenum";s:2:"20";s:9:"titlenum2";s:2:"40";s:10:"titleflood";s:1:"0";s:10:"c_rolltype";s:1:"0";}', 'a:3:{s:5:"div_w";s:2:"50";s:5:"div_h";s:2:"30";s:11:"div_bgcolor";s:0:"";}', 0, 0, 1, 'admin', 1239006692, 0, 0, 0, 0, 'default'),
(287, '', 1, 0, 'c2', 'article', 1, 'a:31:{s:13:"tplpart_1code";s:147:"<div style="padding-top:5px;color:#ccc;">·<A HREF="$url" target=''_blank'' style="$fontcolor;$fontweight;font-size:13px;">$title</a> $new $hot</div>";s:13:"tplpart_2code";s:411:"<table width="98%" border="0" cellspacing="0" cellpadding="0" style="margin-bottom:5px;">\r\n  <tr>\r\n    <td align="left"><a href="$url" target="_blank" style="font-weight:bold;color:#666;" title="$full_title">$title</a></td>\r\n  </tr>\r\n  <tr>\r\n    <td align="left" height="18" valign="middle" style="border-bottom:1px dotted #ccc;text-indent:2em;padding-bottom:5px;color:#929292;">$content</td>\r\n  </tr>\r\n</table>";s:3:"SYS";s:7:"artcile";s:8:"rolltype";s:10:"scrollLeft";s:8:"rolltime";s:1:"3";s:11:"roll_height";s:2:"50";s:5:"width";s:3:"200";s:6:"height";s:3:"200";s:7:"newhour";s:2:"24";s:7:"hothits";s:2:"30";s:7:"amodule";s:1:"0";s:7:"tplpath";s:33:"/common_zh_content/zh_content.jpg";s:6:"DivTpl";i:1;s:5:"fiddb";s:5:"35,38";s:5:"stype";s:1:"t";s:2:"yz";s:1:"1";s:7:"hidefid";N;s:10:"timeformat";s:11:"Y-m-d H:i:s";s:5:"order";s:10:"A.posttime";s:3:"asc";s:4:"DESC";s:6:"levels";s:3:"all";s:7:"rowspan";s:1:"5";s:3:"sql";s:189:" SELECT A.*,A.aid AS id,R.content FROM p8_article A LEFT JOIN p8_reply R ON A.aid=R.aid   WHERE A.yz=1  AND A.fid IN (35,38)  AND A.mid=''0''   AND R.topic=1 ORDER BY A.posttime DESC LIMIT 6 ";s:4:"sql2";N;s:7:"colspan";s:1:"1";s:11:"content_num";s:2:"80";s:12:"content_num2";s:2:"68";s:8:"titlenum";s:2:"28";s:9:"titlenum2";s:2:"34";s:10:"titleflood";s:1:"0";s:10:"c_rolltype";s:1:"0";}', 'a:3:{s:5:"div_w";s:3:"222";s:5:"div_h";s:3:"159";s:11:"div_bgcolor";s:0:"";}', 0, 0, 1, 'admin', 1240192238, 0, 0, 0, 0, 'default'),
(288, '', 1, 0, 'comarticle', 'article', 1, 'a:31:{s:13:"tplpart_1code";s:1113:"<table width="98%" border="0" cellspacing="0" cellpadding="0" style="margin-bottom:6px;">\r\n  <tr> \r\n    <td align="left" style="border-bottom:1px dotted #eee;padding-bottom:5px;"> \r\n      <div style="background:url($webdb[www_url]/images/default/sdigg.gif) no-repeat;width:44px;height:36px;float:left;">\r\n        <div style="font-size:13px;text-align:center;padding:0px;font-weight:bold;background:#eee;" id="DiggNum_$id">$digg_num</div>\r\n        <div style="text-align:center;font-size:12px;color:#FFF;width:44px;height:20px;overflow:hidden;background:#ccc;" id="DiggDo_$id"><a href="$webdb[www_url]/do/job.php?job=digg&type=vote&id=$id" target="DiggIframe_$id" style="font-size:12px;color:#FFF;">顶一下</a></div>\r\n      </div>\r\n      <div style="margin-left:4px;float:left;width:195px;"> \r\n        <a href="$url" target="_blank" style="$fontcolor;$fontweight;font-size:13px;">$title</a>\r\n      </div>\r\n      <div style="display:none;"><iframe src="$webdb[www_url]/do/job.php?job=digg&type=getnum&id=$id" width=0 height=0 name="DiggIframe_$id" id="DiggIframe_$id"></iframe></div>\r\n    </td>\r\n  </tr>\r\n</table>";s:13:"tplpart_2code";s:0:"";s:3:"SYS";s:7:"artcile";s:8:"rolltype";s:10:"scrollLeft";s:8:"rolltime";s:1:"3";s:11:"roll_height";s:2:"50";s:5:"width";s:3:"250";s:6:"height";s:3:"187";s:7:"newhour";s:2:"24";s:7:"hothits";s:3:"100";s:7:"amodule";s:2:"-1";s:7:"tplpath";s:0:"";s:6:"DivTpl";i:1;s:5:"fiddb";N;s:5:"stype";s:1:"4";s:2:"yz";s:1:"1";s:7:"hidefid";N;s:10:"timeformat";s:11:"Y-m-d H:i:s";s:5:"order";s:5:"A.aid";s:3:"asc";s:4:"DESC";s:6:"levels";s:3:"all";s:7:"rowspan";s:1:"5";s:3:"sql";s:86:" SELECT A.*,A.aid AS id FROM p8_article A  WHERE A.yz=1   ORDER BY A.aid DESC LIMIT 5 ";s:4:"sql2";N;s:7:"colspan";s:1:"1";s:11:"content_num";s:2:"80";s:12:"content_num2";s:3:"120";s:8:"titlenum";s:2:"60";s:9:"titlenum2";s:2:"40";s:10:"titleflood";s:1:"0";s:10:"c_rolltype";s:1:"0";}', 'a:3:{s:5:"div_w";s:3:"246";s:5:"div_h";s:3:"243";s:11:"div_bgcolor";s:0:"";}', 0, 0, 1, 'admin', 1243735758, 0, 0, 0, 0, 'default'),
(338, '', 1, 0, 'bjsptitle', 'code', 0, '推荐专题', 'a:4:{s:9:"html_edit";s:0:"";s:5:"div_w";s:0:"";s:5:"div_h";s:0:"";s:11:"div_bgcolor";s:0:"";}', 0, 0, 1, 'admin', 0, 0, 0, 0, 0, 'default'),
(339, '', 1, 0, 'bjspecial', 'specialsort', 1, 'a:34:{s:9:"tplpart_1";s:442:"<div style="float:left;margin:5px 0px 0px 5px;width:155px;text-align:center;"> \r\n             <a href="$webdb[www_url]/do/showsp.php?fid=$fid&id=$id" target="_blank" style="display:block;width:120px;height:160px;border:1px #333 solid;margin-bottom:5px;"><img width="120" height="160" src="$picurl" border="0"></a> \r\n               <A HREF="$webdb[www_url]/do/showsp.php?fid=$fid&id=$id" title=''$full_title'' target="_blank">$title</A> \r\n</div>";s:13:"tplpart_1code";s:442:"<div style="float:left;margin:5px 0px 0px 5px;width:155px;text-align:center;"> \r\n             <a href="$webdb[www_url]/do/showsp.php?fid=$fid&id=$id" target="_blank" style="display:block;width:120px;height:160px;border:1px #333 solid;margin-bottom:5px;"><img width="120" height="160" src="$picurl" border="0"></a> \r\n               <A HREF="$webdb[www_url]/do/showsp.php?fid=$fid&id=$id" title=''$full_title'' target="_blank">$title</A> \r\n</div>";s:13:"tplpart_2code";s:0:"";s:3:"SYS";s:11:"specialsort";s:11:"roll_height";s:2:"50";s:3:"url";s:45:"$webdb[www_url]/do/showsp.php?fid=$fid&id=$id";s:5:"width";s:3:"200";s:6:"height";s:3:"200";s:8:"rolltype";s:10:"scrollLeft";s:8:"rolltime";s:1:"3";s:3:"fid";s:0:"";s:7:"newhour";s:2:"24";s:7:"hothits";s:2:"30";s:7:"amodule";N;s:7:"tplpath";s:24:"/common_pic/img_div1.jpg";s:6:"DivTpl";i:1;s:5:"fiddb";N;s:5:"stype";s:1:"p";s:2:"yz";N;s:7:"hidefid";N;s:10:"timeformat";s:11:"Y-m-d H:i:s";s:5:"order";s:4:"list";s:3:"asc";s:4:"DESC";s:6:"levels";s:1:"1";s:7:"rowspan";s:1:"6";s:3:"sql";s:113:" SELECT A.* FROM p8_special A  WHERE `ifbase`=0  AND A.levels=1  AND A.picurl!=''''   ORDER BY A.list DESC LIMIT 6 ";s:4:"sql2";s:0:"";s:7:"colspan";s:1:"1";s:11:"content_num";s:2:"80";s:12:"content_num2";s:0:"";s:8:"titlenum";s:2:"26";s:9:"titlenum2";s:0:"";s:10:"titleflood";s:1:"0";s:10:"c_rolltype";s:1:"0";}', 'a:3:{s:5:"div_w";s:3:"953";s:5:"div_h";s:3:"177";s:11:"div_bgcolor";s:0:"";}', 0, 0, 1, 'admin', 1240899961, 0, 0, 0, 0, 'default'),
(289, '', 1, 0, 'a1', 'article', 1, 'a:31:{s:13:"tplpart_1code";s:147:"<div style="padding-top:6px;color:#ccc;">·<A HREF="$url" target=''_blank'' style="$fontcolor;$fontweight;font-size:13px;">$title</a> $new $hot</div>";s:13:"tplpart_2code";s:558:"<table width="98%" border="0" cellspacing="0" cellpadding="0" style="margin:3px 0px 5px 0px;">\r\n  <tr> \r\n    <td rowspan="2" width="4%" style="padding-right:3px;padding-bottom:7px;border-bottom:1px dotted #ccc;"><a href="$url"><img src="$picurl" width="100" height="70" border="0"></a></td>\r\n    <td width="96%"> <a href="$url" target="_blank" style="color:#666;font-weight:bold;">$title</a></td>\r\n  </tr>\r\n  <tr> \r\n    <td width="96%" style="padding-bottom:7px;text-indent:1em;border-bottom:1px dotted #ccc;color:#929292;">$content</td>\r\n  </tr>\r\n</table>\r\n";s:3:"SYS";s:7:"artcile";s:8:"rolltype";s:10:"scrollLeft";s:8:"rolltime";s:1:"3";s:11:"roll_height";s:2:"50";s:5:"width";s:3:"200";s:6:"height";s:3:"200";s:7:"newhour";s:2:"24";s:7:"hothits";s:2:"30";s:7:"amodule";s:2:"-1";s:7:"tplpath";s:24:"/common_zh_pic/zh_pc.jpg";s:6:"DivTpl";i:1;s:5:"fiddb";s:2:"39";s:5:"stype";s:1:"t";s:2:"yz";s:1:"1";s:7:"hidefid";N;s:10:"timeformat";s:11:"Y-m-d H:i:s";s:5:"order";s:10:"A.posttime";s:3:"asc";s:4:"DESC";s:6:"levels";s:3:"all";s:7:"rowspan";s:1:"5";s:3:"sql";s:171:" SELECT A.*,A.aid AS id,R.content FROM p8_article A LEFT JOIN p8_reply R ON A.aid=R.aid   WHERE A.yz=1  AND A.fid IN (39)   AND R.topic=1 ORDER BY A.posttime DESC LIMIT 6 ";s:4:"sql2";s:183:" SELECT A.*,A.aid AS id,R.content FROM p8_article A LEFT JOIN p8_reply R ON A.aid=R.aid  WHERE A.yz=1  AND A.fid IN (39)  AND A.ispic=1 AND R.topic=1 ORDER BY A.posttime DESC LIMIT 1 ";s:7:"colspan";s:1:"1";s:11:"content_num";s:2:"80";s:12:"content_num2";s:2:"60";s:8:"titlenum";s:2:"30";s:9:"titlenum2";s:2:"20";s:10:"titleflood";s:1:"0";s:10:"c_rolltype";s:1:"0";}', 'a:3:{s:5:"div_w";s:3:"221";s:5:"div_h";s:3:"186";s:11:"div_bgcolor";s:0:"";}', 0, 0, 1, 'admin', 1240192058, 0, 0, 0, 0, 'default'),
(366, '', 1, 0, 'show_34', 'article', 1, 'a:31:{s:13:"tplpart_1code";s:811:"<table  border="0" cellspacing="0" cellpadding="0" style="float:left;width:160px;margin-top:15px;">\r\n  <tr>\r\n    <td align="center"><a href="$url" target="_blank" style="border:1px solid #ccc;display:block;width:120px;height:90px;"><img style="border:1px solid #fff;" src=''$picurl'' border=0 width="120" height="90"></a></td>\r\n  </tr>\r\n  <tr>\r\n    <td align="center" style="padding-top:5px;"><a href="$url" target="_blank">$title</a></td>\r\n  </tr>\r\n  <tr>\r\n    <td align="center" style="padding-top:3px;"><strike><b>￥$martprice</b></strike> <b><font color="#FF0000">￥$nowprice</font></b></td>\r\n  </tr>\r\n  <tr>\r\n    <td align="center" style="padding-bottom:18px;padding-top:3px;"><a href="$url" target="_blank"><img src="$webdb[www_url]/images/default/order_button.gif" border="0"></a></td>\r\n  </tr>\r\n</table>";s:13:"tplpart_2code";s:0:"";s:3:"SYS";s:7:"artcile";s:8:"rolltype";s:10:"scrollLeft";s:8:"rolltime";s:1:"3";s:11:"roll_height";s:2:"50";s:5:"width";s:3:"250";s:6:"height";s:3:"187";s:7:"newhour";s:2:"24";s:7:"hothits";s:3:"100";s:7:"amodule";s:3:"103";s:7:"tplpath";s:0:"";s:6:"DivTpl";i:1;s:5:"fiddb";N;s:5:"stype";s:1:"p";s:2:"yz";s:1:"1";s:7:"hidefid";N;s:10:"timeformat";s:11:"Y-m-d H:i:s";s:5:"order";s:5:"A.aid";s:3:"asc";s:4:"DESC";s:6:"levels";s:3:"all";s:7:"rowspan";s:1:"3";s:3:"sql";s:133:" SELECT A.*,A.aid AS id FROM p8_article A  WHERE A.yz=1  AND A.mid=''103''  AND A.ispic=1   AND A.ispic=1  ORDER BY A.aid DESC LIMIT 3 ";s:4:"sql2";N;s:7:"colspan";s:1:"1";s:11:"content_num";s:2:"80";s:12:"content_num2";s:3:"120";s:8:"titlenum";s:2:"20";s:9:"titlenum2";s:2:"40";s:10:"titleflood";s:1:"0";s:10:"c_rolltype";s:1:"0";}', 'a:3:{s:5:"div_w";s:3:"450";s:5:"div_h";s:3:"200";s:11:"div_bgcolor";s:0:"";}', 0, 0, 1, 'admin', 1243739159, 0, 0, 0, 0, 'default'),
(293, '', 1, 0, 'c1', 'article', 1, 'a:31:{s:13:"tplpart_1code";s:254:"<div style="line-height:130%;font-size:13px;color:#ccc;clear:both;"><span style="float:left;">·<A HREF="$url" target=''_blank'' style="$fontcolor;$fontweight">$title </a></span><span style="float:right;padding-right:3px;color:#666;">({$hits})</span></div>";s:13:"tplpart_2code";s:304:"<table width="100%" border="0" cellspacing="0" cellpadding="0" style="margin-bottom:4px;">\r\n  <tr>\r\n    <td style="font-size:13px;font-weight:bold;">[推荐]<A HREF="$url" target="_blank" style="font-size:15px;font-weight:bold;color:#990000;text-decoration: underline;">$title</A></td>\r\n  </tr>\r\n</table>";s:3:"SYS";s:7:"artcile";s:8:"rolltype";s:10:"scrollLeft";s:8:"rolltime";s:1:"3";s:11:"roll_height";s:2:"50";s:5:"width";s:3:"250";s:6:"height";s:3:"187";s:7:"newhour";s:2:"24";s:7:"hothits";s:3:"100";s:7:"amodule";s:3:"101";s:7:"tplpath";s:32:"/common_zh_title/zh_bigtitle.jpg";s:6:"DivTpl";i:1;s:5:"fiddb";N;s:5:"stype";s:1:"t";s:2:"yz";s:1:"1";s:7:"hidefid";N;s:10:"timeformat";s:11:"Y-m-d H:i:s";s:5:"order";s:5:"A.aid";s:3:"asc";s:4:"DESC";s:6:"levels";s:3:"all";s:7:"rowspan";s:1:"7";s:3:"sql";s:103:" SELECT A.*,A.aid AS id FROM p8_article A  WHERE A.yz=1  AND A.mid=''101''   ORDER BY A.aid DESC LIMIT 8 ";s:4:"sql2";N;s:7:"colspan";s:1:"1";s:11:"content_num";s:2:"80";s:12:"content_num2";s:3:"120";s:8:"titlenum";s:2:"30";s:9:"titlenum2";s:2:"30";s:10:"titleflood";s:1:"0";s:10:"c_rolltype";s:1:"0";}', 'a:3:{s:5:"div_w";s:3:"226";s:5:"div_h";s:3:"140";s:11:"div_bgcolor";s:0:"";}', 0, 0, 1, 'admin', 1243740035, 0, 0, 0, 0, 'default'),
(304, '', 1, 0, 'a2', 'member', 1, 'a:19:{s:9:"tplpart_1";s:504:"<div style="float:left;margin-right:5px;margin-top:7px;margin-bottom:3px;"> <CENTER><a style="display:block;width:65px;height:65px;border:1px solid #ccc;" href="$webdb[www_url]/member/homepage.php?uid=$uid" target="_blank"><img style="border:2px solid #fff;" onerror="this.src=''$webdb[www_url]/images/default/noface.gif''" width="65" height="65" src="$picurl" border="0"></a><A HREF="$webdb[www_url]/member/homepage.php?uid=$uid" title=''$full_title'' target="_blank">$title</A></CENTER>\r\n            </div>";s:13:"tplpart_1code";s:504:"<div style="float:left;margin-right:5px;margin-top:7px;margin-bottom:3px;"> <CENTER><a style="display:block;width:65px;height:65px;border:1px solid #ccc;" href="$webdb[www_url]/member/homepage.php?uid=$uid" target="_blank"><img style="border:2px solid #fff;" onerror="this.src=''$webdb[www_url]/images/default/noface.gif''" width="65" height="65" src="$picurl" border="0"></a><A HREF="$webdb[www_url]/member/homepage.php?uid=$uid" title=''$full_title'' target="_blank">$title</A></CENTER>\r\n            </div>";s:13:"tplpart_2code";s:0:"";s:7:"group_1";s:0:"";s:7:"group_2";s:0:"";s:7:"tplpath";s:0:"";s:6:"DivTpl";i:1;s:5:"fiddb";N;s:5:"stype";s:1:"6";s:2:"yz";s:3:"all";s:10:"timeformat";s:11:"Y-m-d H:i:s";s:5:"order";s:7:"regdate";s:3:"asc";s:4:"DESC";s:6:"levels";N;s:7:"rowspan";s:1:"6";s:3:"sql";s:173:" SELECT M.username AS title,D.*,D.icon AS picurl,D.introduce AS content FROM p8_members M LEFT JOIN p8_memberdata D ON M.uid=D.uid  WHERE 1  ORDER BY D.regdate DESC LIMIT 6 ";s:7:"colspan";s:1:"1";s:8:"titlenum";s:2:"20";s:10:"titleflood";s:1:"0";}', 'a:3:{s:5:"div_w";s:3:"235";s:5:"div_h";s:3:"190";s:11:"div_bgcolor";s:0:"";}', 0, 0, 1, 'admin', 1240994881, 0, 0, 0, 0, 'default'),
(305, '', 1, 0, 'Title04', 'code', 0, '访客留言', 'a:4:{s:9:"html_edit";s:0:"";s:5:"div_w";s:0:"";s:5:"div_h";s:0:"";s:11:"div_bgcolor";s:0:"";}', 0, 0, 1, 'admin', 0, 0, 0, 0, 0, 'default'),
(306, '', 1, 0, 'c02', 'guestbook', 1, 'a:25:{s:9:"tplpart_1";s:391:"<div> <b><font color="#990000">{$username}</font></b> 于<font color="#990000"> {$time_m}-{$time_d} \r\n    {$time_H}:{$time_i} </font>发表的留言:</div> \r\n<div style="clear:both;border-bottom:1px dotted #ccc;margin-bottom:5px;width:98%;padding-bottom:6px;">　<a href="$webdb[www_url]/do/guestbook.php?fid=$fid&id=$id#$id" target="_blank"><font color="#666666">{$title}</font></a></div>\r\n";s:13:"tplpart_1code";s:391:"<div> <b><font color="#990000">{$username}</font></b> 于<font color="#990000"> {$time_m}-{$time_d} \r\n    {$time_H}:{$time_i} </font>发表的留言:</div> \r\n<div style="clear:both;border-bottom:1px dotted #ccc;margin-bottom:5px;width:98%;padding-bottom:6px;">　<a href="$webdb[www_url]/do/guestbook.php?fid=$fid&id=$id#$id" target="_blank"><font color="#666666">{$title}</font></a></div>\r\n";s:13:"tplpart_2code";s:0:"";s:3:"SYS";s:9:"guestbook";s:11:"roll_height";s:2:"50";s:3:"url";N;s:5:"width";s:3:"200";s:6:"height";s:3:"200";s:7:"tplpath";s:0:"";s:6:"DivTpl";i:1;s:5:"fiddb";N;s:5:"stype";s:1:"4";s:2:"yz";s:3:"all";s:7:"hidefid";N;s:10:"timeformat";s:11:"Y-m-d H:i:s";s:5:"order";N;s:3:"asc";N;s:6:"levels";s:3:"all";s:7:"rowspan";s:1:"4";s:3:"sql";s:86:" SELECT A.*,content AS title FROM p8_guestbook A  WHERE 1  ORDER BY A.id DESC LIMIT 4 ";s:7:"colspan";s:1:"1";s:11:"content_num";s:2:"80";s:8:"titlenum";s:2:"70";s:10:"titleflood";s:1:"0";s:10:"c_rolltype";s:1:"0";}', 'a:3:{s:5:"div_w";s:3:"231";s:5:"div_h";s:3:"260";s:11:"div_bgcolor";s:0:"";}', 0, 0, 1, 'admin', 1243739216, 0, 0, 0, 0, 'default'),
(295, '', 1, 0, 'indexrollpic', 'rollpic', 0, 'a:5:{s:5:"width";s:3:"260";s:6:"height";s:3:"200";s:6:"picurl";a:3:{i:1;s:32:"label/1_20090419200443_8wzPc.jpg";i:2;s:32:"label/1_20090419200401_zIXkg.jpg";i:3;s:32:"label/1_20090420120446_vRUX1.jpg";}s:7:"piclink";a:3:{i:1;s:26:"bencandy.php?fid=31&id=545";i:2;s:26:"bencandy.php?fid=32&id=550";i:3;s:26:"bencandy.php?fid=39&id=603";}s:6:"picalt";a:3:{i:1;s:27:"PHP168 V6全面盛大公测";i:2;s:36:"IDC交易平台主机网正式上线";i:3;s:39:"“软硬兼施”助力企业信息化";}}', 'a:3:{s:5:"div_w";s:3:"261";s:5:"div_h";s:3:"217";s:11:"div_bgcolor";s:0:"";}', 0, 0, 1, 'admin', 1243735581, 0, 0, 0, 0, 'default'),
(296, '', 1, 0, 'mainnews', 'article', 1, 'a:31:{s:13:"tplpart_1code";s:639:"<table width="100%" border="0" cellspacing="0" cellpadding="0" style="margin-bottom:8px;">\r\n  <tr>\r\n    <td align="center" style="padding-bottom:5px;"><a href="$url" target="_blank"><b><font color="#D50000" style="font-size:16px;">$title</font></b></a></td>\r\n  </tr>\r\n  <tr>\r\n    <td align="left" height="18" valign="middle" style="border-bottom:1px dotted #ccc;line-height:150%;text-indent:2em;color:#929292;padding-bottom:3px;">{$content} 共<font color="#D50000">{$hits}</font>人关注  评论<font color="#D50000">{$comments}</font>条 \r\n      [<a href="$url" style="color:#D50000;" target="_blank">详情</a>]</td>\r\n  </tr>\r\n</table>";s:13:"tplpart_2code";s:0:"";s:3:"SYS";s:7:"artcile";s:8:"rolltype";s:10:"scrollLeft";s:8:"rolltime";s:1:"3";s:11:"roll_height";s:2:"50";s:5:"width";s:3:"250";s:6:"height";s:3:"187";s:7:"newhour";s:2:"24";s:7:"hothits";s:3:"100";s:7:"amodule";s:2:"-1";s:7:"tplpath";s:29:"/common_content/content_1.jpg";s:6:"DivTpl";i:1;s:5:"fiddb";s:2:"31";s:5:"stype";s:1:"c";s:2:"yz";s:1:"1";s:7:"hidefid";N;s:10:"timeformat";s:11:"Y-m-d H:i:s";s:5:"order";s:5:"A.aid";s:3:"asc";s:4:"DESC";s:6:"levels";s:3:"all";s:7:"rowspan";s:1:"1";s:3:"sql";s:166:" SELECT A.*,A.aid AS id,R.content FROM p8_article A LEFT JOIN p8_reply R ON A.aid=R.aid   WHERE A.yz=1  AND A.fid IN (31)   AND R.topic=1 ORDER BY A.aid DESC LIMIT 1 ";s:4:"sql2";N;s:7:"colspan";s:1:"1";s:11:"content_num";s:3:"120";s:12:"content_num2";s:3:"120";s:8:"titlenum";s:2:"60";s:9:"titlenum2";s:2:"40";s:10:"titleflood";s:1:"0";s:10:"c_rolltype";s:1:"0";}', 'a:3:{s:5:"div_w";s:3:"461";s:5:"div_h";s:2:"71";s:11:"div_bgcolor";s:0:"";}', 0, 0, 1, 'admin', 1243735499, 0, 0, 0, 0, 'default'),
(364, '', 1, 0, 'bb1', 'code', 0, '<table width="100%" border="0" cellspacing="1" cellpadding="3" bgcolor="#ffffff">\r\n        <tr align="center" bgcolor="#EBEBEB"> \r\n          <td width="36%">求职岗位</td>\r\n          <td width="13%">学历</td>\r\n          <td width="14%">性别</td>\r\n          <td width="13%">工作年限</td>\r\n          <td width="13%">年龄</td>\r\n          <td width="11%">详情</td>\r\n        </tr> \r\n</table>', 'a:4:{s:9:"html_edit";s:0:"";s:5:"div_w";s:3:"475";s:5:"div_h";s:2:"21";s:11:"div_bgcolor";s:0:"";}', 0, 0, 1, 'admin', 1239768502, 0, 0, 0, 0, 'default'),
(365, '', 1, 0, 'bb2', 'form', 1, 'a:31:{s:9:"tplpart_1";s:531:"<table width="100%" border="0" cellspacing="1" cellpadding="3" style="border-bottom:1px dotted #eee;">\r\n        <tr align="center"> \r\n          \r\n    <td width="36%" align="left"> $workposition</td>\r\n          <td width="13%">$schoo_age</td>\r\n          <td width="14%">$sex</td>\r\n          <td width="13%">{$workyear} 年</td>\r\n          <td width="13%">{$myage} 岁</td>\r\n          \r\n    <td width="11%"><a href="$webdb[www_url]/do/bencandy_form.php?mid=$mid&id=$id" target="_blank">详情</a></td>\r\n        </tr> \r\n      </table>";s:13:"tplpart_1code";s:531:"<table width="100%" border="0" cellspacing="1" cellpadding="3" style="border-bottom:1px dotted #eee;">\r\n        <tr align="center"> \r\n          \r\n    <td width="36%" align="left"> $workposition</td>\r\n          <td width="13%">$schoo_age</td>\r\n          <td width="14%">$sex</td>\r\n          <td width="13%">{$workyear} 年</td>\r\n          <td width="13%">{$myage} 岁</td>\r\n          \r\n    <td width="11%"><a href="$webdb[www_url]/do/bencandy_form.php?mid=$mid&id=$id" target="_blank">详情</a></td>\r\n        </tr> \r\n      </table>";s:13:"tplpart_2code";s:0:"";s:3:"SYS";s:4:"form";s:11:"roll_height";s:2:"50";s:3:"url";N;s:5:"width";s:3:"200";s:6:"height";s:3:"200";s:7:"newhour";s:2:"24";s:7:"hothits";s:2:"30";s:7:"amodule";s:1:"6";s:7:"tplpath";s:0:"";s:6:"DivTpl";i:1;s:5:"fiddb";N;s:5:"stype";s:1:"4";s:2:"yz";s:3:"all";s:7:"hidefid";N;s:10:"timeformat";s:11:"Y-m-d H:i:s";s:5:"order";N;s:3:"asc";s:4:"DESC";s:6:"levels";N;s:7:"rowspan";s:1:"5";s:3:"sql";s:195:" SELECT A.*,R.*,config AS M_config FROM p8_form_content A LEFT JOIN p8_form_content_6 R ON A.id=R.id LEFT JOIN p8_form_module F ON A.mid=F.id  WHERE 1  AND A.mid=''6''  ORDER BY A.id DESC  LIMIT 5 ";s:4:"sql2";N;s:7:"colspan";s:1:"1";s:11:"content_num";s:2:"80";s:12:"content_num2";s:0:"";s:8:"titlenum";s:2:"20";s:9:"titlenum2";s:0:"";s:10:"titleflood";s:1:"0";s:10:"c_rolltype";s:1:"0";}', 'a:3:{s:5:"div_w";s:2:"50";s:5:"div_h";s:2:"30";s:11:"div_bgcolor";s:0:"";}', 0, 0, 1, 'admin', 1243739085, 0, 0, 0, 0, 'default'),
(318, '', 1, 0, 'b02', 'code', 0, '<table width="100%" border="0" cellspacing="1" cellpadding="3" bgcolor="#ffffff">\r\n        <tr align="center" bgcolor="#EBEBEB"> \r\n          <td width="36%">招聘职位</td>\r\n          <td width="13%">学历要求</td>\r\n          <td width="14%">性别要求</td>\r\n          <td width="13%">经验要求</td>\r\n          <td width="13%">月薪待遇</td>\r\n          <td width="11%">详情</td>\r\n        </tr> \r\n      </table>', 'a:4:{s:9:"html_edit";s:0:"";s:5:"div_w";s:3:"490";s:5:"div_h";s:2:"30";s:11:"div_bgcolor";s:0:"";}', 0, 0, 1, 'admin', 1239022772, 0, 0, 0, 0, 'default'),
(330, '', 1, 0, 'mainnews2', 'article', 1, 'a:31:{s:13:"tplpart_1code";s:397:"<div style="clear:both;padding-top:2px;margin-bottom:4px;"><span style="float:left;font-size:13px;color:#ccc;">·<A HREF="$list_url" style="font-size:13px;">{$fname}</A>| <A HREF="$url" target=''_blank'' style="$fontcolor;font-size:13px;">$title</a>$new$hot</span>                     \r\n    <span style="float:right;color:#993300;padding-right:3px;font-size:13px;">[{$time_m}-{$time_d}]</span></div>";s:13:"tplpart_2code";s:0:"";s:3:"SYS";s:7:"artcile";s:8:"rolltype";s:10:"scrollLeft";s:8:"rolltime";s:1:"3";s:11:"roll_height";s:2:"50";s:5:"width";s:3:"200";s:6:"height";s:3:"200";s:7:"newhour";s:2:"24";s:7:"hothits";s:3:"100";s:7:"amodule";s:1:"0";s:7:"tplpath";s:28:"/common_fname/time_fname.jpg";s:6:"DivTpl";i:1;s:5:"fiddb";s:2:"32";s:5:"stype";s:1:"t";s:2:"yz";s:1:"1";s:7:"hidefid";N;s:10:"timeformat";s:11:"Y-m-d H:i:s";s:5:"order";s:10:"A.posttime";s:3:"asc";s:4:"DESC";s:6:"levels";s:1:"1";s:7:"rowspan";s:1:"5";s:3:"sql";s:141:" SELECT A.*,A.aid AS id FROM p8_article A  WHERE A.yz=1  AND A.levels=1  AND A.fid IN (32)  AND A.mid=''0''   ORDER BY A.posttime DESC LIMIT 5 ";s:4:"sql2";N;s:7:"colspan";s:1:"1";s:11:"content_num";s:2:"80";s:12:"content_num2";s:3:"120";s:8:"titlenum";s:2:"48";s:9:"titlenum2";s:2:"40";s:10:"titleflood";s:1:"0";s:10:"c_rolltype";s:1:"0";}', 'a:3:{s:5:"div_w";s:3:"467";s:5:"div_h";s:3:"126";s:11:"div_bgcolor";s:0:"";}', 0, 0, 1, 'admin', 1240280500, 0, 0, 0, 0, 'default'),
(317, '', 1, 0, 'Title05', 'code', 0, '商城购物', 'a:4:{s:9:"html_edit";s:0:"";s:5:"div_w";s:2:"50";s:5:"div_h";s:2:"21";s:11:"div_bgcolor";s:0:"";}', 0, 0, 1, 'admin', 1239778992, 0, 0, 0, 0, 'default'),
(319, '', 1, 0, 'b022', 'form', 1, 'a:31:{s:9:"tplpart_1";s:518:"<table width="100%" border="0" cellspacing="1" cellpadding="3" style="border-bottom:1px dotted #eee;">\r\n        <tr align="center"> \r\n          \r\n    <td width="36%" align="left"> $workplace</td>\r\n          <td width="13%">$schoo_age</td>\r\n          <td width="14%">$asksex</td>\r\n          <td width="13%">$wageyear</td>\r\n          <td width="13%">$wage</td>\r\n          \r\n    <td width="11%"><a href="$webdb[www_url]/do/bencandy_form.php?mid=$mid&id=$id" target="_blank">详情</a></td>\r\n        </tr> \r\n      </table>";s:13:"tplpart_1code";s:518:"<table width="100%" border="0" cellspacing="1" cellpadding="3" style="border-bottom:1px dotted #eee;">\r\n        <tr align="center"> \r\n          \r\n    <td width="36%" align="left"> $workplace</td>\r\n          <td width="13%">$schoo_age</td>\r\n          <td width="14%">$asksex</td>\r\n          <td width="13%">$wageyear</td>\r\n          <td width="13%">$wage</td>\r\n          \r\n    <td width="11%"><a href="$webdb[www_url]/do/bencandy_form.php?mid=$mid&id=$id" target="_blank">详情</a></td>\r\n        </tr> \r\n      </table>";s:13:"tplpart_2code";s:0:"";s:3:"SYS";s:4:"form";s:11:"roll_height";s:2:"50";s:3:"url";N;s:5:"width";s:3:"200";s:6:"height";s:3:"200";s:7:"newhour";s:2:"24";s:7:"hothits";s:2:"30";s:7:"amodule";s:1:"2";s:7:"tplpath";s:0:"";s:6:"DivTpl";i:1;s:5:"fiddb";N;s:5:"stype";s:1:"4";s:2:"yz";s:3:"all";s:7:"hidefid";N;s:10:"timeformat";s:11:"Y-m-d H:i:s";s:5:"order";N;s:3:"asc";s:4:"DESC";s:6:"levels";N;s:7:"rowspan";s:1:"4";s:3:"sql";s:195:" SELECT A.*,R.*,config AS M_config FROM p8_form_content A LEFT JOIN p8_form_content_2 R ON A.id=R.id LEFT JOIN p8_form_module F ON A.mid=F.id  WHERE 1  AND A.mid=''2''  ORDER BY A.id DESC  LIMIT 4 ";s:4:"sql2";N;s:7:"colspan";s:1:"1";s:11:"content_num";s:2:"80";s:12:"content_num2";s:0:"";s:8:"titlenum";s:2:"20";s:9:"titlenum2";s:0:"";s:10:"titleflood";s:1:"0";s:10:"c_rolltype";s:1:"0";}', 'a:3:{s:5:"div_w";s:3:"485";s:5:"div_h";s:2:"70";s:11:"div_bgcolor";s:0:"";}', 0, 0, 1, 'admin', 1243739034, 0, 0, 0, 0, 'default'),
(322, '', 1, 0, 'bodyad2', 'pic', 0, 'a:4:{s:6:"imgurl";s:11:"ad/cnad.jpg";s:7:"imglink";s:22:"http://www.php168.com/";s:5:"width";s:3:"742";s:6:"height";s:2:"90";}', 'a:3:{s:5:"div_w";s:3:"742";s:5:"div_h";s:2:"90";s:11:"div_bgcolor";s:0:"";}', 0, 0, 1, 'admin', 1239759405, 0, 0, 0, 0, 'default'),
(323, '', 1, 0, 'Title4d', 'code', 0, '搜索引擎之PK战', 'a:4:{s:9:"html_edit";s:0:"";s:5:"div_w";s:0:"";s:5:"div_h";s:0:"";s:11:"div_bgcolor";s:0:"";}', 0, 0, 1, 'admin', 1237278157, 0, 0, 0, 0, 'default'),
(324, '', 1, 0, 'c2d', 'hack_vote', 0, '<SCRIPT src=''http://www_php168_com/do/vote.php?job=js&cid=10''></SCRIPT>', 'a:4:{s:6:"voteid";s:2:"10";s:5:"div_w";s:3:"237";s:5:"div_h";s:3:"145";s:11:"div_bgcolor";s:0:"";}', 0, 0, 1, 'admin', 1239011013, 0, 0, 0, 0, 'default'),
(325, '', 1, 0, 'Title5d', 'code', 0, '2008年中国站长八大热门', 'a:4:{s:9:"html_edit";s:0:"";s:5:"div_w";s:2:"50";s:5:"div_h";s:2:"21";s:11:"div_bgcolor";s:0:"";}', 0, 0, 1, 'admin', 1240113989, 0, 0, 0, 0, 'default'),
(326, '', 1, 0, 'b2d', 'hack_vote', 0, '<SCRIPT src=''http://www_php168_com/do/vote.php?job=js&cid=11''></SCRIPT>', 'a:4:{s:6:"voteid";s:2:"11";s:5:"div_w";s:3:"480";s:5:"div_h";s:3:"238";s:11:"div_bgcolor";s:0:"";}', 0, 0, 1, 'admin', 1239011483, 0, 0, 0, 0, 'default'),
(327, '', 1, 0, 'c02d', 'article', 1, 'a:31:{s:13:"tplpart_1code";s:476:"<table width="100%" border="0" cellspacing="0" cellpadding="0" style="margin:3px 0px 12px 0px;">\r\n  <tr> \r\n    <td rowspan="2" width="4%" style="padding-right:3px;"><a href="$url" target="_blank"><img src="$picurl" width="100" height="75" border="0"></a></td>\r\n    <td width="96%"> <a href="$url" target="_blank" style="color:#666;font-weight:bold;">$title</a></td>\r\n  </tr>\r\n  <tr> \r\n    <td width="96%" style="color:#929292;text-indent:1em;">$content</td>\r\n  </tr>\r\n</table>";s:13:"tplpart_2code";s:0:"";s:3:"SYS";s:7:"artcile";s:8:"rolltype";s:10:"scrollLeft";s:8:"rolltime";s:1:"3";s:11:"roll_height";s:2:"50";s:5:"width";s:3:"200";s:6:"height";s:3:"200";s:7:"newhour";s:2:"24";s:7:"hothits";s:2:"30";s:7:"amodule";s:1:"0";s:7:"tplpath";s:33:"/common_pic/title_pic_content.jpg";s:6:"DivTpl";i:1;s:5:"fiddb";s:2:"34";s:5:"stype";s:2:"cp";s:2:"yz";s:1:"1";s:7:"hidefid";N;s:10:"timeformat";s:11:"Y-m-d H:i:s";s:5:"order";s:5:"A.aid";s:3:"asc";s:4:"DESC";s:6:"levels";s:3:"all";s:7:"rowspan";s:1:"4";s:3:"sql";s:211:" SELECT A.*,A.aid AS id,R.content FROM p8_article A LEFT JOIN p8_reply R ON A.aid=R.aid   WHERE A.yz=1  AND A.fid IN (34)  AND A.mid=''0''  AND A.ispic=1   AND A.ispic=1  AND R.topic=1 ORDER BY A.aid DESC LIMIT 4 ";s:4:"sql2";N;s:7:"colspan";s:1:"1";s:11:"content_num";s:2:"58";s:12:"content_num2";s:3:"120";s:8:"titlenum";s:2:"18";s:9:"titlenum2";s:2:"40";s:10:"titleflood";s:1:"0";s:10:"c_rolltype";s:1:"0";}', 'a:3:{s:5:"div_w";s:3:"230";s:5:"div_h";s:3:"238";s:11:"div_bgcolor";s:0:"";}', 0, 0, 1, 'admin', 1240060985, 0, 0, 0, 0, 'default'),
(328, '', 1, 0, 'Title04d', 'code', 0, '推荐图文', 'a:4:{s:9:"html_edit";s:0:"";s:5:"div_w";s:3:"215";s:5:"div_h";s:2:"26";s:11:"div_bgcolor";s:0:"";}', 0, 0, 1, 'admin', 1239345594, 0, 0, 0, 0, 'default'),
(329, '', 1, 0, 'c2de', 'pic', 0, 'a:4:{s:6:"imgurl";s:32:"label/1_20090420130440_bWzOZ.jpg";s:7:"imglink";s:19:"http://www.371.com/";s:5:"width";s:3:"242";s:6:"height";s:2:"98";}', 'a:3:{s:5:"div_w";s:3:"233";s:5:"div_h";s:2:"87";s:11:"div_bgcolor";s:0:"";}', 0, 0, 1, 'admin', 1240205249, 0, 0, 0, 0, 'default'),
(347, '', 0, 0, 'show_right_top_picad', 'code', 0, '<SCRIPT LANGUAGE=''JavaScript'' src=''http://www_php168_com/do/a_d_s.php?job=js&ad_id=show_right_top_picad''></SCRIPT>', 'a:4:{s:9:"html_edit";s:0:"";s:5:"div_w";s:3:"290";s:5:"div_h";s:3:"110";s:11:"div_bgcolor";s:0:"";}', 0, 0, 1, 'admin', 1240893892, 3, 0, 0, 0, 'default'),
(342, '', 1, 0, 'index_ad3', 'pic', 0, 'a:4:{s:6:"imgurl";s:11:"ad/qyad.jpg";s:7:"imglink";s:21:"http://www.qy.com.cn/";s:5:"width";s:3:"742";s:6:"height";s:2:"90";}', 'a:3:{s:5:"div_w";s:3:"742";s:5:"div_h";s:2:"90";s:11:"div_bgcolor";s:0:"";}', 0, 0, 1, 'admin', 1239760021, 0, 0, 0, 0, 'default'),
(348, '', 0, 0, 'show_topad', 'code', 0, '<SCRIPT LANGUAGE=''JavaScript'' src=''http://www_php168_com/do/a_d_s.php?job=js&ad_id=show_topad''></SCRIPT>', 'a:4:{s:9:"html_edit";s:0:"";s:5:"div_w";s:3:"990";s:5:"div_h";s:2:"60";s:11:"div_bgcolor";s:0:"";}', 0, 0, 1, 'admin', 1240893880, 3, 0, 0, 0, 'default'),
(349, '', 0, 0, 'list_page_topad', 'code', 0, '<SCRIPT LANGUAGE=''JavaScript'' src=''http://www_php168_com/do/a_d_s.php?job=js&ad_id=list_page_topad''></SCRIPT>', 'a:4:{s:9:"html_edit";s:0:"";s:5:"div_w";s:3:"290";s:5:"div_h";s:3:"130";s:11:"div_bgcolor";s:0:"";}', 0, 0, 1, 'admin', 1240893815, 2, 0, 0, 0, 'default'),
(350, '', 0, 0, 'article_list', 'code', 0, '<SCRIPT LANGUAGE=''JavaScript'' src=''http://www_php168_com/do/a_d_s.php?job=js&ad_id=article_list''> </SCRIPT>', 'a:4:{s:9:"html_edit";s:0:"";s:5:"div_w";s:3:"263";s:5:"div_h";s:3:"204";s:11:"div_bgcolor";s:0:"";}', 0, 0, 1, 'admin', 1240893832, 2, 0, 0, 0, 'default'),
(351, '', 0, 0, 'article_list_tag', 'code', 0, '广告位', 'a:4:{s:9:"html_edit";s:0:"";s:5:"div_w";s:2:"50";s:5:"div_h";s:2:"21";s:11:"div_bgcolor";s:0:"";}', 0, 0, 1, 'admin', 1239279418, 2, 0, 0, 0, 'default'),
(356, '', 0, 0, 'bbsifmark_tag', 'code', 0, '论坛优秀贴', 'a:4:{s:9:"html_edit";s:0:"";s:5:"div_w";s:0:"";s:5:"div_h";s:0:"";s:11:"div_bgcolor";s:0:"";}', 0, 0, 1, 'admin', 0, 2, 0, 0, 0, 'default'),
(357, '', 0, 0, 'bbsifmark', 'pwbbs', 1, 'a:28:{s:13:"tplpart_1code";s:162:"<div style="padding-top:6px;">·<A HREF="$webdb[passport_url]/read.php?tid=$tid&page=1" target=''_blank''  style="$fontcolor;$fontweight">$title</a> $new $hot</div>";s:13:"tplpart_2code";s:0:"";s:3:"SYS";s:5:"pwbbs";s:6:"digest";s:3:"all";s:7:"newhour";s:2:"24";s:7:"hothits";s:3:"100";s:7:"tplpath";s:24:"/common_title/0title.jpg";s:6:"DivTpl";i:1;s:5:"fiddb";N;s:5:"stype";s:1:"t";s:2:"yz";N;s:10:"timeformat";s:11:"Y-m-d H:i:s";s:5:"order";s:6:"ifmark";s:3:"asc";s:4:"DESC";s:6:"levels";N;s:7:"rowspan";s:2:"10";s:3:"sql";s:176:" SELECT T.*,T.tid AS id,T.author AS username,T.authorid AS uid,T.subject AS title,T.postdate AS posttime FROM pw_threads T  WHERE 1  ORDER BY T.ifmark DESC,T.tid DESC LIMIT 10 ";s:7:"colspan";s:1:"1";s:8:"titlenum";s:2:"40";s:9:"titlenum2";s:2:"40";s:10:"titleflood";s:1:"0";s:5:"width";s:3:"250";s:6:"height";s:3:"187";s:11:"content_num";s:2:"80";s:12:"content_num2";s:3:"120";s:8:"rolltype";s:10:"scrollLeft";s:8:"rolltime";s:1:"3";s:11:"roll_height";s:2:"50";}', 'a:3:{s:5:"div_w";s:3:"282";s:5:"div_h";s:2:"30";s:11:"div_bgcolor";s:0:"";}', 0, 0, 1, 'admin', 1240202279, 2, 0, 0, 0, 'default'),
(354, '', 0, 0, 'article_show', 'code', 0, '<SCRIPT LANGUAGE=''JavaScript'' src=''http://www_php168_com/do/a_d_s.php?job=js&ad_id=article_show''></SCRIPT>', 'a:4:{s:9:"html_edit";s:0:"";s:5:"div_w";s:2:"50";s:5:"div_h";s:2:"21";s:11:"div_bgcolor";s:0:"";}', 0, 0, 1, 'admin', 1240893904, 3, 0, 0, 0, 'default'),
(355, '', 0, 0, 'article_show_tag', 'code', 0, '广告位', 'a:4:{s:9:"html_edit";s:0:"";s:5:"div_w";s:2:"50";s:5:"div_h";s:2:"21";s:11:"div_bgcolor";s:0:"";}', 0, 0, 1, 'admin', 1239279430, 3, 0, 0, 0, 'default'),
(358, '', 0, 0, 'view_article_bbs_tag', 'code', 0, '论坛推荐图文', 'a:4:{s:9:"html_edit";s:0:"";s:5:"div_w";s:0:"";s:5:"div_h";s:0:"";s:11:"div_bgcolor";s:0:"";}', 0, 0, 1, 'admin', 0, 3, 0, 0, 0, 'default'),
(359, '', 0, 0, 'view_article_bbs', 'pwbbs', 1, 'a:28:{s:13:"tplpart_1code";s:370:"<div  class="listpic"> \r\n              <p class=img><a href="$webdb[passport_url]/read.php?tid=$tid&page=1" target="_blank"><img width="120" height="90" src="$picurl" border="0"></a></p>\r\n              <p class=title style="text-align:center;"><A HREF="$webdb[passport_url]/read.php?tid=$tid&page=1" title=''$full_title'' target="_blank">$title</A></p>\r\n            </div>";s:13:"tplpart_2code";s:0:"";s:3:"SYS";s:5:"pwbbs";s:6:"digest";s:3:"all";s:7:"newhour";s:2:"24";s:7:"hothits";s:3:"100";s:7:"tplpath";s:24:"/common_pic/img_div1.jpg";s:6:"DivTpl";i:1;s:5:"fiddb";N;s:5:"stype";s:1:"p";s:2:"yz";N;s:10:"timeformat";s:11:"Y-m-d H:i:s";s:5:"order";s:3:"tid";s:3:"asc";s:4:"DESC";s:6:"levels";N;s:7:"rowspan";s:1:"5";s:3:"sql";s:252:" SELECT T.*,T.tid AS id,T.author AS username,T.authorid AS uid,T.subject AS title,T.postdate AS posttime,A.attachurl FROM pw_attachs A LEFT JOIN pw_threads T ON A.tid=T.tid  WHERE 1  AND A.type=''img'' GROUP BY tid ORDER BY T.tid DESC,T.tid DESC LIMIT 5 ";s:7:"colspan";s:1:"1";s:8:"titlenum";s:2:"20";s:9:"titlenum2";s:2:"40";s:10:"titleflood";s:1:"0";s:5:"width";s:3:"250";s:6:"height";s:3:"187";s:11:"content_num";s:2:"80";s:12:"content_num2";s:3:"120";s:8:"rolltype";s:10:"scrollLeft";s:8:"rolltime";s:1:"3";s:11:"roll_height";s:2:"50";}', 'a:3:{s:5:"div_w";s:3:"650";s:5:"div_h";s:3:"100";s:11:"div_bgcolor";s:0:"";}', 0, 0, 1, 'admin', 1240893928, 3, 0, 0, 0, 'default'),
(360, '', 1, 0, 'bodyad33', 'pic', 0, 'a:4:{s:6:"imgurl";s:32:"label/1_20090418150428_gPa47.jpg";s:7:"imglink";s:22:"http://www.yeepay.com/";s:5:"width";s:3:"243";s:6:"height";s:2:"90";}', 'a:3:{s:5:"div_w";s:3:"243";s:5:"div_h";s:2:"90";s:11:"div_bgcolor";s:0:"";}', 0, 0, 1, 'admin', 1240041136, 0, 0, 0, 0, 'default'),
(361, '', 1, 0, 'index_ad4', 'pic', 0, 'a:4:{s:6:"imgurl";s:32:"label/1_20090420120412_hvW6H.jpg";s:7:"imglink";s:26:"http://www.chinaccnet.com/";s:5:"width";s:3:"242";s:6:"height";s:2:"90";}', 'a:3:{s:5:"div_w";s:3:"242";s:5:"div_h";s:2:"90";s:11:"div_bgcolor";s:0:"";}', 0, 0, 1, 'admin', 1240202973, 0, 0, 0, 0, 'default'),
(372, '', 1, 0, 'index_search', 'code', 0, '资源搜索：<a href=\\"http://bbs.php168.com/\\"  target="_blank"><font color=\\"#E80000\\">PHP168整站</font></a> \r\n                <a href=\\"http://371.com"  target="_blank">注册域名</a> <a href=\\"http://www.ceodh.com"  target="_blank">CEO</a> <a href=\\"http://down.chinaz.com"  target="_blank">源码下载</a> \r\n                <a href=\\"http://www.techweb.com.cn">IT资讯</a> <a href=\\"http://www.cnidc.com"  target="_blank">主机空间</a> <a href=\\"http://www.admin5.com/html"  target="_blank"><font color=\\"#E80000\\">建站手册</font></a> \r\n                <a href=\\"http://www.phpwind.net"  target="_blank">PW论坛</a> <a href=\\"http://www.39.net"  target="_blank"><font color=\\"#FF0000\\"><u><font color=\\"#E80000\\">健康咨询</font></u></font></a>', 'a:4:{s:9:"html_edit";s:0:"";s:5:"div_w";s:3:"600";s:5:"div_h";s:2:"21";s:11:"div_bgcolor";s:0:"";}', 0, 0, 1, 'admin', 1240208135, 0, 0, 0, 0, 'default'),
(373, '', 1, 99, 'head_guides', 'code', 0, '      <div class="ico_guide bbs"><a href="http://www_php168_com/bbs/" target=''_blank''>社区</a></div>\r\n	  <div class="ico_guide post"><a href="http://www_php168_com/do/post.php">投稿</a></div>\r\n	  <div class="ico_guide sell"><a href="http://www_php168_com/do/buymoneycard.php?paytype=yeepay">充值</a></div>\r\n	  <div class="ico_guide jf"><a href="http://www_php168_com/do/jf.php">积分</a></div>\r\n	  <div class="ico_guide user"><a href="http://www_php168_com/do/list_form.php?mid=2">招聘</a></div>\r\n	  <div class="ico_guide search"><a href="http://www_php168_com/do/search.php">搜索</a></div>\r\n	  <div class="ico_guide book"><a href="http://www_php168_com/do/guestbook.php">留言</a></div>\r\n	  <div class="ico_guide digg"><a href="http://www_php168_com/do/listsp.php?fid=1">专题</a></div>', 'a:4:{s:9:"html_edit";s:0:"";s:5:"div_w";s:3:"700";s:5:"div_h";s:2:"50";s:11:"div_bgcolor";s:0:"";}', 0, 0, 1, 'admin', 1240898798, 0, 0, 0, 0, 'default');
INSERT INTO `p8_label` (`lid`, `name`, `ch`, `chtype`, `tag`, `type`, `typesystem`, `code`, `divcode`, `hide`, `js_time`, `uid`, `username`, `posttime`, `pagetype`, `module`, `fid`, `if_js`, `style`) VALUES
(383, '', 0, 0, 'list_page_mv', 'article', 1, 'a:31:{s:13:"tplpart_1code";s:195:"(mv,290,210,false)$mvurl(/mv)\r\n<div style="line-height:170%;text-align:center;padding-top:8px;"><A HREF="$url" target=''_blank''  style="$fontcolor;$fontweight" title=''$full_title''>$title</a></div>";s:13:"tplpart_2code";s:0:"";s:3:"SYS";s:7:"artcile";s:8:"rolltype";s:10:"scrollLeft";s:8:"rolltime";s:1:"3";s:11:"roll_height";s:2:"50";s:5:"width";s:3:"250";s:6:"height";s:3:"187";s:7:"newhour";s:2:"24";s:7:"hothits";s:3:"100";s:7:"amodule";s:3:"102";s:7:"tplpath";s:0:"";s:6:"DivTpl";i:1;s:5:"fiddb";N;s:5:"stype";s:1:"4";s:2:"yz";s:1:"1";s:7:"hidefid";N;s:10:"timeformat";s:11:"Y-m-d H:i:s";s:5:"order";s:5:"A.aid";s:3:"asc";s:4:"DESC";s:6:"levels";s:3:"all";s:7:"rowspan";s:1:"5";s:3:"sql";s:103:" SELECT A.*,A.aid AS id FROM p8_article A  WHERE A.yz=1  AND A.mid=''102''   ORDER BY A.aid DESC LIMIT 5 ";s:4:"sql2";N;s:7:"colspan";s:1:"1";s:11:"content_num";s:2:"80";s:12:"content_num2";s:3:"120";s:8:"titlenum";s:2:"40";s:9:"titlenum2";s:2:"40";s:10:"titleflood";s:1:"0";s:10:"c_rolltype";s:1:"0";}', 'a:3:{s:5:"div_w";s:2:"50";s:5:"div_h";s:2:"30";s:11:"div_bgcolor";s:0:"";}', 0, 0, 1, 'admin', 0, 2, 0, 1, 0, 'default'),
(375, '', 0, 0, 'list_top_ad', 'code', 0, '<SCRIPT LANGUAGE=''JavaScript'' src=''http://www_php168_com/do/a_d_s.php?job=js&ad_id=AD_list_topad''></SCRIPT>', 'a:4:{s:9:"html_edit";s:0:"";s:5:"div_w";s:3:"900";s:5:"div_h";s:2:"51";s:11:"div_bgcolor";s:0:"";}', 0, 0, 1, 'admin', 1240893857, 2, 0, 0, 0, 'default'),
(376, '', 0, 0, 'mvshow', 'article', 1, 'a:31:{s:13:"tplpart_1code";s:149:"(mv,400,300,false)$mvurl(/mv)<div style="padding:8px 0 10px 0;">&nbsp;<A HREF="$url" target=''_blank''  style="font-size:14px;"><b>$title</b></a></div>";s:13:"tplpart_2code";s:0:"";s:3:"SYS";s:7:"artcile";s:8:"rolltype";s:10:"scrollLeft";s:8:"rolltime";s:1:"3";s:11:"roll_height";s:2:"50";s:5:"width";s:3:"250";s:6:"height";s:3:"187";s:7:"newhour";s:2:"24";s:7:"hothits";s:3:"100";s:7:"amodule";s:3:"102";s:7:"tplpath";s:30:"/common_title/1title_noico.jpg";s:6:"DivTpl";i:1;s:5:"fiddb";N;s:5:"stype";s:1:"t";s:2:"yz";s:1:"1";s:7:"hidefid";N;s:10:"timeformat";s:11:"Y-m-d H:i:s";s:5:"order";s:5:"A.aid";s:3:"asc";s:4:"DESC";s:6:"levels";s:3:"all";s:7:"rowspan";s:1:"1";s:3:"sql";s:103:" SELECT A.*,A.aid AS id FROM p8_article A  WHERE A.yz=1  AND A.mid=''102''   ORDER BY A.aid DESC LIMIT 1 ";s:4:"sql2";N;s:7:"colspan";s:1:"1";s:11:"content_num";s:2:"80";s:12:"content_num2";s:3:"120";s:8:"titlenum";s:2:"46";s:9:"titlenum2";s:2:"40";s:10:"titleflood";s:1:"0";s:10:"c_rolltype";s:1:"0";}', 'a:3:{s:5:"div_w";s:2:"50";s:5:"div_h";s:2:"30";s:11:"div_bgcolor";s:0:"";}', 0, 0, 1, 'admin', 1240201322, 11, 0, 24, 0, 'default'),
(377, '', 0, 0, 'mvshow', 'article', 1, 'a:31:{s:13:"tplpart_1code";s:144:"(mv,400,300,false)$mvurl(/mv)<div style="padding:8px 0 10px 0;"> <A HREF="$url" target=''_blank''  style="font-size:14px;"><b>$title</b></a></div>";s:13:"tplpart_2code";s:0:"";s:3:"SYS";s:7:"artcile";s:8:"rolltype";s:10:"scrollLeft";s:8:"rolltime";s:1:"3";s:11:"roll_height";s:2:"50";s:5:"width";s:3:"250";s:6:"height";s:3:"187";s:7:"newhour";s:2:"24";s:7:"hothits";s:3:"100";s:7:"amodule";s:3:"102";s:7:"tplpath";s:24:"/common_title/0title.jpg";s:6:"DivTpl";i:1;s:5:"fiddb";N;s:5:"stype";s:1:"t";s:2:"yz";s:1:"1";s:7:"hidefid";N;s:10:"timeformat";s:11:"Y-m-d H:i:s";s:5:"order";s:5:"A.aid";s:3:"asc";s:4:"DESC";s:6:"levels";s:3:"all";s:7:"rowspan";s:1:"1";s:3:"sql";s:103:" SELECT A.*,A.aid AS id FROM p8_article A  WHERE A.yz=1  AND A.mid=''102''   ORDER BY A.aid DESC LIMIT 1 ";s:4:"sql2";N;s:7:"colspan";s:1:"1";s:11:"content_num";s:2:"80";s:12:"content_num2";s:3:"120";s:8:"titlenum";s:2:"50";s:9:"titlenum2";s:2:"40";s:10:"titleflood";s:1:"0";s:10:"c_rolltype";s:1:"0";}', 'a:3:{s:5:"div_w";s:2:"50";s:5:"div_h";s:2:"21";s:11:"div_bgcolor";s:0:"";}', 0, 0, 1, 'admin', 0, 11, 0, 23, 0, 'default'),
(378, '', 0, 0, 'mvshow', 'article', 1, 'a:31:{s:13:"tplpart_1code";s:144:"(mv,400,300,false)$mvurl(/mv)<div style="padding:8px 0 10px 0;"> <A HREF="$url" target=''_blank''  style="font-size:14px;"><b>$title</b></a></div>";s:13:"tplpart_2code";s:0:"";s:3:"SYS";s:7:"artcile";s:8:"rolltype";s:10:"scrollLeft";s:8:"rolltime";s:1:"3";s:11:"roll_height";s:2:"50";s:5:"width";s:3:"250";s:6:"height";s:3:"187";s:7:"newhour";s:2:"24";s:7:"hothits";s:3:"100";s:7:"amodule";s:3:"102";s:7:"tplpath";s:0:"";s:6:"DivTpl";i:1;s:5:"fiddb";N;s:5:"stype";s:1:"4";s:2:"yz";s:1:"1";s:7:"hidefid";N;s:10:"timeformat";s:11:"Y-m-d H:i:s";s:5:"order";s:5:"A.aid";s:3:"asc";s:4:"DESC";s:6:"levels";s:3:"all";s:7:"rowspan";s:1:"1";s:3:"sql";s:103:" SELECT A.*,A.aid AS id FROM p8_article A  WHERE A.yz=1  AND A.mid=''102''   ORDER BY A.aid DESC LIMIT 1 ";s:4:"sql2";N;s:7:"colspan";s:1:"1";s:11:"content_num";s:2:"80";s:12:"content_num2";s:3:"120";s:8:"titlenum";s:2:"50";s:9:"titlenum2";s:2:"40";s:10:"titleflood";s:1:"0";s:10:"c_rolltype";s:1:"0";}', 'a:3:{s:5:"div_w";s:2:"50";s:5:"div_h";s:2:"21";s:11:"div_bgcolor";s:0:"";}', 0, 0, 1, 'admin', 0, 11, 0, 22, 0, 'default'),
(379, '', 0, 0, 'mvshow', 'article', 1, 'a:31:{s:13:"tplpart_1code";s:144:"(mv,400,300,false)$mvurl(/mv)<div style="padding:8px 0 10px 0;"> <A HREF="$url" target=''_blank''  style="font-size:14px;"><b>$title</b></a></div>";s:13:"tplpart_2code";s:0:"";s:3:"SYS";s:7:"artcile";s:8:"rolltype";s:10:"scrollLeft";s:8:"rolltime";s:1:"3";s:11:"roll_height";s:2:"50";s:5:"width";s:3:"250";s:6:"height";s:3:"187";s:7:"newhour";s:2:"24";s:7:"hothits";s:3:"100";s:7:"amodule";s:3:"102";s:7:"tplpath";s:0:"";s:6:"DivTpl";i:1;s:5:"fiddb";N;s:5:"stype";s:1:"4";s:2:"yz";s:1:"1";s:7:"hidefid";N;s:10:"timeformat";s:11:"Y-m-d H:i:s";s:5:"order";s:5:"A.aid";s:3:"asc";s:4:"DESC";s:6:"levels";s:3:"all";s:7:"rowspan";s:1:"1";s:3:"sql";s:103:" SELECT A.*,A.aid AS id FROM p8_article A  WHERE A.yz=1  AND A.mid=''102''   ORDER BY A.aid DESC LIMIT 1 ";s:4:"sql2";N;s:7:"colspan";s:1:"1";s:11:"content_num";s:2:"80";s:12:"content_num2";s:3:"120";s:8:"titlenum";s:2:"50";s:9:"titlenum2";s:2:"40";s:10:"titleflood";s:1:"0";s:10:"c_rolltype";s:1:"0";}', 'a:3:{s:5:"div_w";s:2:"50";s:5:"div_h";s:2:"21";s:11:"div_bgcolor";s:0:"";}', 0, 0, 1, 'admin', 0, 11, 0, 21, 0, 'default'),
(380, '', 0, 0, 'mvshow', 'article', 1, 'a:31:{s:13:"tplpart_1code";s:144:"(mv,400,300,false)$mvurl(/mv)<div style="padding:8px 0 10px 0;"> <A HREF="$url" target=''_blank''  style="font-size:14px;"><b>$title</b></a></div>";s:13:"tplpart_2code";s:0:"";s:3:"SYS";s:7:"artcile";s:8:"rolltype";s:10:"scrollLeft";s:8:"rolltime";s:1:"3";s:11:"roll_height";s:2:"50";s:5:"width";s:3:"250";s:6:"height";s:3:"187";s:7:"newhour";s:2:"24";s:7:"hothits";s:3:"100";s:7:"amodule";s:3:"102";s:7:"tplpath";s:0:"";s:6:"DivTpl";i:1;s:5:"fiddb";N;s:5:"stype";s:1:"4";s:2:"yz";s:1:"1";s:7:"hidefid";N;s:10:"timeformat";s:11:"Y-m-d H:i:s";s:5:"order";s:5:"A.aid";s:3:"asc";s:4:"DESC";s:6:"levels";s:3:"all";s:7:"rowspan";s:1:"1";s:3:"sql";s:103:" SELECT A.*,A.aid AS id FROM p8_article A  WHERE A.yz=1  AND A.mid=''102''   ORDER BY A.aid DESC LIMIT 1 ";s:4:"sql2";N;s:7:"colspan";s:1:"1";s:11:"content_num";s:2:"80";s:12:"content_num2";s:3:"120";s:8:"titlenum";s:2:"50";s:9:"titlenum2";s:2:"40";s:10:"titleflood";s:1:"0";s:10:"c_rolltype";s:1:"0";}', 'a:3:{s:5:"div_w";s:2:"50";s:5:"div_h";s:2:"21";s:11:"div_bgcolor";s:0:"";}', 0, 0, 1, 'admin', 0, 11, 0, 20, 0, 'default'),
(381, '', 0, 0, 'mvshow', 'article', 1, 'a:31:{s:13:"tplpart_1code";s:144:"(mv,400,300,false)$mvurl(/mv)<div style="padding:8px 0 10px 0;"> <A HREF="$url" target=''_blank''  style="font-size:14px;"><b>$title</b></a></div>";s:13:"tplpart_2code";s:0:"";s:3:"SYS";s:7:"artcile";s:8:"rolltype";s:10:"scrollLeft";s:8:"rolltime";s:1:"3";s:11:"roll_height";s:2:"50";s:5:"width";s:3:"250";s:6:"height";s:3:"187";s:7:"newhour";s:2:"24";s:7:"hothits";s:3:"100";s:7:"amodule";s:3:"102";s:7:"tplpath";s:0:"";s:6:"DivTpl";i:1;s:5:"fiddb";N;s:5:"stype";s:1:"4";s:2:"yz";s:1:"1";s:7:"hidefid";N;s:10:"timeformat";s:11:"Y-m-d H:i:s";s:5:"order";s:5:"A.aid";s:3:"asc";s:4:"DESC";s:6:"levels";s:3:"all";s:7:"rowspan";s:1:"1";s:3:"sql";s:103:" SELECT A.*,A.aid AS id FROM p8_article A  WHERE A.yz=1  AND A.mid=''102''   ORDER BY A.aid DESC LIMIT 1 ";s:4:"sql2";N;s:7:"colspan";s:1:"1";s:11:"content_num";s:2:"80";s:12:"content_num2";s:3:"120";s:8:"titlenum";s:2:"50";s:9:"titlenum2";s:2:"40";s:10:"titleflood";s:1:"0";s:10:"c_rolltype";s:1:"0";}', 'a:3:{s:5:"div_w";s:2:"50";s:5:"div_h";s:2:"21";s:11:"div_bgcolor";s:0:"";}', 0, 0, 1, 'admin', 0, 11, 0, 19, 0, 'default'),
(384, '', 0, 0, 'list_page_mv', 'article', 1, 'a:31:{s:13:"tplpart_1code";s:195:"(mv,290,210,false)$mvurl(/mv)\r\n<div style="line-height:170%;text-align:center;padding-top:8px;"><A HREF="$url" target=''_blank''  style="$fontcolor;$fontweight" title=''$full_title''>$title</a></div>";s:13:"tplpart_2code";s:0:"";s:3:"SYS";s:7:"artcile";s:8:"rolltype";s:10:"scrollLeft";s:8:"rolltime";s:1:"3";s:11:"roll_height";s:2:"50";s:5:"width";s:3:"250";s:6:"height";s:3:"187";s:7:"newhour";s:2:"24";s:7:"hothits";s:3:"100";s:7:"amodule";s:3:"102";s:7:"tplpath";s:0:"";s:6:"DivTpl";i:1;s:5:"fiddb";N;s:5:"stype";s:1:"4";s:2:"yz";s:1:"1";s:7:"hidefid";N;s:10:"timeformat";s:11:"Y-m-d H:i:s";s:5:"order";s:5:"A.aid";s:3:"asc";s:4:"DESC";s:6:"levels";s:3:"all";s:7:"rowspan";s:1:"1";s:3:"sql";s:103:" SELECT A.*,A.aid AS id FROM p8_article A  WHERE A.yz=1  AND A.mid=''102''   ORDER BY A.aid DESC LIMIT 1 ";s:4:"sql2";N;s:7:"colspan";s:1:"1";s:11:"content_num";s:2:"80";s:12:"content_num2";s:3:"120";s:8:"titlenum";s:2:"40";s:9:"titlenum2";s:2:"40";s:10:"titleflood";s:1:"0";s:10:"c_rolltype";s:1:"0";}', 'a:3:{s:5:"div_w";s:2:"50";s:5:"div_h";s:2:"21";s:11:"div_bgcolor";s:0:"";}', 0, 0, 1, 'admin', 1240292096, 2, 0, 0, 0, 'default'),
(385, '', 1, 0, 'showinfo', 'code', 0, '<SCRIPT LANGUAGE="JavaScript">\r\n<!--\r\ndocument.write(''<span id="num_info"><img alt="内容加载中,请稍候..." src="http://www_php168_com/images/default/ico_loading3.gif"></span>'');\r\ndocument.write(''<div style="display:none;"><iframe src="http://www_php168_com/do/job.php?job=getinfo&iframeID=num_info" width=0 height=0></iframe></div>'');\r\n//-->\r\n</SCRIPT>', 'a:4:{s:9:"html_edit";s:0:"";s:5:"div_w";s:3:"235";s:5:"div_h";s:2:"55";s:11:"div_bgcolor";s:0:"";}', 0, 0, 1, 'admin', 1241074422, 0, 0, 0, 0, 'default');

-- --------------------------------------------------------

--
-- 表的结构 `p8_limitword`
--

CREATE TABLE IF NOT EXISTS `p8_limitword` (
  `id` int(5) NOT NULL auto_increment,
  `oldword` varchar(50) NOT NULL default '',
  `newword` varchar(50) NOT NULL default '',
  PRIMARY KEY  (`id`)
) ENGINE=MyISAM  DEFAULT CHARSET=utf8 AUTO_INCREMENT=3 ;

--
-- 转存表中的数据 `p8_limitword`
--

INSERT INTO `p8_limitword` (`id`, `oldword`, `newword`) VALUES
(1, '造反', '造**'),
(2, '法轮功', '法**功');

-- --------------------------------------------------------

--
-- 表的结构 `p8_memberdata`
--

CREATE TABLE IF NOT EXISTS `p8_memberdata` (
  `uid` mediumint(7) unsigned NOT NULL default '0',
  `username` varchar(50) NOT NULL default '',
  `question` varchar(32) NOT NULL default '',
  `groupid` smallint(4) NOT NULL default '0',
  `grouptype` tinyint(1) NOT NULL default '0',
  `groups` varchar(255) NOT NULL default '',
  `yz` tinyint(1) NOT NULL default '0',
  `newpm` tinyint(1) NOT NULL default '0',
  `medals` varchar(255) NOT NULL default '',
  `money` mediumint(7) unsigned NOT NULL default '0',
  `totalspace` bigint(13) NOT NULL default '0',
  `usespace` bigint(13) NOT NULL default '0',
  `oltime` int(10) NOT NULL default '0',
  `lastvist` int(10) NOT NULL default '0',
  `lastip` varchar(15) NOT NULL default '',
  `regdate` int(10) NOT NULL default '0',
  `regip` varchar(15) NOT NULL default '',
  `sex` tinyint(1) NOT NULL default '0',
  `bday` date NOT NULL default '0000-00-00',
  `icon` varchar(150) NOT NULL default '',
  `introduce` text NOT NULL,
  `hits` int(7) NOT NULL default '0',
  `lastview` int(10) NOT NULL default '0',
  `oicq` varchar(11) NOT NULL default '',
  `msn` varchar(50) NOT NULL default '',
  `homepage` varchar(150) NOT NULL default '',
  `email` varchar(50) NOT NULL default '',
  `provinceid` mediumint(6) NOT NULL default '0',
  `cityid` mediumint(7) NOT NULL default '0',
  `address` varchar(255) NOT NULL default '',
  `postalcode` varchar(6) NOT NULL default '',
  `mobphone` varchar(12) NOT NULL default '',
  `telephone` varchar(25) NOT NULL default '',
  `idcard` varchar(20) NOT NULL default '',
  `truename` varchar(20) NOT NULL default '',
  `config` text NOT NULL,
  `moneycard` mediumint(7) unsigned NOT NULL default '0',
  `email_yz` tinyint(1) NOT NULL default '0',
  `mob_yz` tinyint(1) NOT NULL default '0',
  `idcard_yz` tinyint(1) NOT NULL default '0',
  PRIMARY KEY  (`uid`),
  KEY `groups` (`groups`),
  KEY `sex` (`sex`,`bday`,`cityid`)
) ENGINE=MyISAM DEFAULT CHARSET=utf8;

--
-- 转存表中的数据 `p8_memberdata`
--

INSERT INTO `p8_memberdata` (`uid`, `username`, `question`, `groupid`, `grouptype`, `groups`, `yz`, `newpm`, `medals`, `money`, `totalspace`, `usespace`, `oltime`, `lastvist`, `lastip`, `regdate`, `regip`, `sex`, `bday`, `icon`, `introduce`, `hits`, `lastview`, `oicq`, `msn`, `homepage`, `email`, `provinceid`, `cityid`, `address`, `postalcode`, `mobphone`, `telephone`, `idcard`, `truename`, `config`, `moneycard`, `email_yz`, `mob_yz`, `idcard_yz`) VALUES
(1, 'weiqk', '', 3, 0, '', 1, 0, '', 9999, 999999, 0, 2687, 1279271353, '127.0.0.8', 1279269328, '127.0.0.8', 0, '0000-00-00', '', '', 0, 0, '', '', '', '', 0, 0, '', '', '', '', '', '', '', 0, 0, 0, 0);

-- --------------------------------------------------------

--
-- 表的结构 `p8_memberdata_1`
--

CREATE TABLE IF NOT EXISTS `p8_memberdata_1` (
  `uid` mediumint(7) NOT NULL default '0',
  `cpname` varchar(50) NOT NULL default '',
  `cplogo` varchar(150) NOT NULL default '',
  `cptype` varchar(40) NOT NULL default '0',
  `cptrade` varchar(40) NOT NULL default '',
  `cpproduct` varchar(255) NOT NULL default '',
  `cpcity` mediumint(7) NOT NULL default '0',
  `cpfoundtime` varchar(20) NOT NULL default '',
  `cpfounder` varchar(20) NOT NULL default '',
  `cpmannum` varchar(20) NOT NULL default '',
  `cpmoney` varchar(20) NOT NULL default '',
  `cpcode` varchar(30) NOT NULL default '',
  `cppermit` varchar(150) NOT NULL default '',
  `cpweb` varchar(150) NOT NULL default '',
  `cppostcode` varchar(6) NOT NULL default '0',
  `cptelephone` varchar(30) NOT NULL default '',
  `cpfax` varchar(30) NOT NULL default '',
  `cpaddress` varchar(150) NOT NULL default '',
  `cplinkman` varchar(20) NOT NULL default '',
  `cpmobphone` varchar(11) NOT NULL default '',
  `cpqq` varchar(11) NOT NULL default '',
  `cpmsn` varchar(50) NOT NULL default '',
  UNIQUE KEY `uid` (`uid`)
) ENGINE=MyISAM DEFAULT CHARSET=utf8;

--
-- 转存表中的数据 `p8_memberdata_1`
--


-- --------------------------------------------------------

--
-- 表的结构 `p8_members`
--

CREATE TABLE IF NOT EXISTS `p8_members` (
  `uid` mediumint(7) unsigned NOT NULL auto_increment,
  `username` varchar(30) NOT NULL default '',
  `password` varchar(32) NOT NULL default '',
  PRIMARY KEY  (`uid`)
) ENGINE=MyISAM  DEFAULT CHARSET=utf8 AUTO_INCREMENT=2 ;

--
-- 转存表中的数据 `p8_members`
--

INSERT INTO `p8_members` (`uid`, `username`, `password`) VALUES
(1, 'weiqk', '46f94c8de14fb36680850768ff1b7f2a');

-- --------------------------------------------------------

--
-- 表的结构 `p8_menu`
--

CREATE TABLE IF NOT EXISTS `p8_menu` (
  `id` mediumint(5) NOT NULL auto_increment,
  `fid` mediumint(5) NOT NULL default '0',
  `name` varchar(80) NOT NULL default '',
  `linkurl` varchar(150) NOT NULL default '',
  `color` varchar(15) NOT NULL default '',
  `target` tinyint(1) NOT NULL default '0',
  `moduleid` tinyint(2) NOT NULL default '0',
  `type` tinyint(2) NOT NULL default '0',
  `hide` tinyint(1) NOT NULL default '0',
  `list` smallint(4) NOT NULL default '0',
  PRIMARY KEY  (`id`)
) ENGINE=MyISAM  DEFAULT CHARSET=utf8 AUTO_INCREMENT=55 ;

--
-- 转存表中的数据 `p8_menu`
--

INSERT INTO `p8_menu` (`id`, `fid`, `name`, `linkurl`, `color`, `target`, `moduleid`, `type`, `hide`, `list`) VALUES
(9, 0, '新闻', 'list.php?fid=1', '', 0, 0, 0, 0, 18),
(10, 0, '图片', 'list.php?fid=9', '', 0, 0, 0, 0, 16),
(11, 0, '下载', 'list.php?fid=11', '', 0, 0, 0, 0, 14),
(12, 0, '影视', 'list.php?fid=13', '', 0, 0, 0, 0, 12),
(13, 0, '商城', 'list.php?fid=15', '', 0, 0, 0, 0, 10),
(14, 0, 'FLASH', 'list.php?fid=17', '', 0, 0, 0, 0, 8),
(54, 0, '考评', '/do/exam_write.php?id=3', '', 0, 0, 0, 0, 0),
(52, 0, '产品', 'list.php?fid=29', '', 0, 0, 0, 0, 7),
(51, 0, '首页', '/', '', 0, 0, 0, 0, 20);

-- --------------------------------------------------------

--
-- 表的结构 `p8_module`
--

CREATE TABLE IF NOT EXISTS `p8_module` (
  `id` mediumint(5) NOT NULL auto_increment,
  `type` tinyint(1) NOT NULL default '0',
  `name` varchar(30) NOT NULL default '',
  `pre` varchar(20) NOT NULL default '',
  `dirname` varchar(30) NOT NULL default '',
  `domain` varchar(100) NOT NULL default '',
  `admindir` varchar(20) NOT NULL default '',
  `unite_admin` tinyint(1) NOT NULL default '0',
  `config` text NOT NULL,
  `list` mediumint(5) NOT NULL default '0',
  `admingroup` varchar(150) NOT NULL default '',
  `adminmember` text NOT NULL,
  `unite_member` tinyint(1) NOT NULL default '1',
  `unite_table` tinyint(1) NOT NULL default '0',
  PRIMARY KEY  (`id`)
) ENGINE=MyISAM DEFAULT CHARSET=utf8 AUTO_INCREMENT=1 ;

--
-- 转存表中的数据 `p8_module`
--


-- --------------------------------------------------------

--
-- 表的结构 `p8_moneycard`
--

CREATE TABLE IF NOT EXISTS `p8_moneycard` (
  `id` mediumint(7) NOT NULL auto_increment,
  `passwd` varchar(32) NOT NULL default '',
  `moneyrmb` int(7) NOT NULL default '0',
  `moneycard` int(7) NOT NULL default '0',
  `ifsell` tinyint(1) NOT NULL default '0',
  `uid` mediumint(7) NOT NULL default '0',
  `username` varchar(32) NOT NULL default '',
  `posttime` int(10) NOT NULL default '0',
  PRIMARY KEY  (`id`)
) ENGINE=MyISAM DEFAULT CHARSET=utf8 AUTO_INCREMENT=1 ;

--
-- 转存表中的数据 `p8_moneycard`
--


-- --------------------------------------------------------

--
-- 表的结构 `p8_olpay`
--

CREATE TABLE IF NOT EXISTS `p8_olpay` (
  `id` mediumint(7) NOT NULL auto_increment,
  `orderid` int(10) NOT NULL default '0',
  `numcode` varchar(32) NOT NULL default '',
  `money` varchar(15) NOT NULL default '0',
  `ifpay` tinyint(1) NOT NULL default '0',
  `posttime` int(10) NOT NULL default '0',
  `uid` mediumint(7) NOT NULL default '0',
  `username` varchar(32) NOT NULL default '',
  `paytype` tinyint(3) NOT NULL default '0',
  `moduleid` mediumint(5) NOT NULL default '0',
  `formid` mediumint(5) NOT NULL default '0',
  `banktype` varchar(15) NOT NULL default '',
  `articleid` int(10) NOT NULL default '0',
  PRIMARY KEY  (`id`),
  KEY `numcode` (`numcode`),
  KEY `paytype` (`paytype`),
  KEY `formid` (`formid`),
  KEY `articleid` (`articleid`),
  KEY `moduleid` (`moduleid`)
) ENGINE=MyISAM DEFAULT CHARSET=utf8 AUTO_INCREMENT=1 ;

--
-- 转存表中的数据 `p8_olpay`
--


-- --------------------------------------------------------

--
-- 表的结构 `p8_pm`
--

CREATE TABLE IF NOT EXISTS `p8_pm` (
  `mid` int(10) unsigned NOT NULL auto_increment,
  `touid` mediumint(8) unsigned NOT NULL default '0',
  `togroups` varchar(80) NOT NULL default '',
  `fromuid` mediumint(8) unsigned NOT NULL default '0',
  `username` varchar(15) NOT NULL default '',
  `type` enum('rebox','sebox','public') NOT NULL default 'rebox',
  `ifnew` tinyint(1) NOT NULL default '0',
  `title` varchar(130) NOT NULL default '',
  `mdate` int(10) unsigned NOT NULL default '0',
  `content` text NOT NULL,
  PRIMARY KEY  (`mid`),
  KEY `touid` (`touid`),
  KEY `fromuid` (`fromuid`),
  KEY `type` (`type`)
) ENGINE=MyISAM DEFAULT CHARSET=utf8 AUTO_INCREMENT=1 ;

--
-- 转存表中的数据 `p8_pm`
--


-- --------------------------------------------------------

--
-- 表的结构 `p8_propagandize`
--

CREATE TABLE IF NOT EXISTS `p8_propagandize` (
  `id` int(10) NOT NULL auto_increment,
  `uid` mediumint(7) NOT NULL default '0',
  `ip` bigint(11) NOT NULL default '0',
  `day` smallint(3) NOT NULL default '0',
  `posttime` int(10) NOT NULL default '0',
  `fromurl` varchar(150) NOT NULL default '',
  PRIMARY KEY  (`id`),
  KEY `day` (`day`,`uid`,`ip`)
) ENGINE=MyISAM DEFAULT CHARSET=utf8 AUTO_INCREMENT=1 ;

--
-- 转存表中的数据 `p8_propagandize`
--


-- --------------------------------------------------------

--
-- 表的结构 `p8_report`
--

CREATE TABLE IF NOT EXISTS `p8_report` (
  `id` mediumint(7) NOT NULL auto_increment,
  `aid` int(10) NOT NULL default '0',
  `type` varchar(50) NOT NULL default '',
  `uid` mediumint(7) NOT NULL default '0',
  `name` varchar(30) NOT NULL default '',
  `content` text NOT NULL,
  `posttime` int(10) NOT NULL default '0',
  `ip` varchar(15) NOT NULL default '',
  `yz` tinyint(1) NOT NULL default '0',
  PRIMARY KEY  (`id`)
) ENGINE=MyISAM DEFAULT CHARSET=utf8 AUTO_INCREMENT=1 ;

--
-- 转存表中的数据 `p8_report`
--


-- --------------------------------------------------------

--
-- 表的结构 `p8_sellad`
--

CREATE TABLE IF NOT EXISTS `p8_sellad` (
  `id` mediumint(7) NOT NULL auto_increment,
  `name` varchar(100) NOT NULL default '',
  `isclose` tinyint(1) NOT NULL default '0',
  `list` int(10) NOT NULL default '0',
  `price` mediumint(5) NOT NULL default '0',
  `day` mediumint(4) NOT NULL default '0',
  `adnum` smallint(3) NOT NULL default '0',
  `wordnum` smallint(3) NOT NULL default '0',
  `autoyz` tinyint(1) NOT NULL default '1',
  `demourl` varchar(150) NOT NULL default '',
  PRIMARY KEY  (`id`)
) ENGINE=MyISAM  DEFAULT CHARSET=utf8 AUTO_INCREMENT=4 ;

--
-- 转存表中的数据 `p8_sellad`
--

INSERT INTO `p8_sellad` (`id`, `name`, `isclose`, `list`, `price`, `day`, `adnum`, `wordnum`, `autoyz`, `demourl`) VALUES
(3, '顶客页竞价广告', 0, 0, 50, 5, 8, 36, 1, '../do/digg.php');

-- --------------------------------------------------------

--
-- 表的结构 `p8_sellad_user`
--

CREATE TABLE IF NOT EXISTS `p8_sellad_user` (
  `ad_id` mediumint(7) NOT NULL auto_increment,
  `uid` mediumint(7) NOT NULL default '0',
  `username` varchar(30) NOT NULL default '',
  `begintime` int(10) NOT NULL default '0',
  `endtime` int(10) NOT NULL default '0',
  `money` mediumint(6) NOT NULL default '0',
  `id` mediumint(7) NOT NULL default '0',
  `yz` tinyint(1) NOT NULL default '1',
  `adlink` varchar(200) NOT NULL default '',
  `adword` varchar(255) NOT NULL default '',
  `hits` mediumint(7) NOT NULL default '0',
  `color` varchar(20) NOT NULL default '',
  `fonttype` tinyint(1) NOT NULL default '0',
  PRIMARY KEY  (`ad_id`),
  KEY `id` (`id`,`endtime`,`money`,`yz`)
) ENGINE=MyISAM DEFAULT CHARSET=utf8 AUTO_INCREMENT=1 ;

--
-- 转存表中的数据 `p8_sellad_user`
--


-- --------------------------------------------------------

--
-- 表的结构 `p8_shoporderproduct`
--

CREATE TABLE IF NOT EXISTS `p8_shoporderproduct` (
  `pid` int(7) NOT NULL auto_increment,
  `title` varchar(50) NOT NULL default '',
  `orderid` mediumint(7) default NULL,
  `shopid` int(10) NOT NULL default '0',
  `shopuid` mediumint(7) NOT NULL default '0',
  `ifsend` tinyint(1) NOT NULL default '0',
  `amount` mediumint(7) NOT NULL default '0',
  PRIMARY KEY  (`pid`)
) ENGINE=MyISAM DEFAULT CHARSET=utf8 AUTO_INCREMENT=1 ;

--
-- 转存表中的数据 `p8_shoporderproduct`
--


-- --------------------------------------------------------

--
-- 表的结构 `p8_shoporderuser`
--

CREATE TABLE IF NOT EXISTS `p8_shoporderuser` (
  `id` int(7) NOT NULL auto_increment,
  `uid` mediumint(7) NOT NULL default '0',
  `username` varchar(30) NOT NULL default '',
  `truename` varchar(30) NOT NULL default '',
  `sex` varchar(10) NOT NULL default '',
  `telphone` varchar(20) NOT NULL default '',
  `mobphone` varchar(12) NOT NULL default '',
  `email` varchar(30) NOT NULL default '',
  `oicq` varchar(11) NOT NULL default '',
  `postalcode` varchar(6) NOT NULL default '',
  `sendtype` varchar(50) NOT NULL default '',
  `paytype` varchar(50) NOT NULL default '',
  `olpaytype` varchar(25) NOT NULL default '',
  `address` varchar(255) NOT NULL default '',
  `othersay` text NOT NULL,
  `posttime` int(10) NOT NULL default '0',
  `ifsend` tinyint(1) NOT NULL default '0',
  `totalmoney` varchar(15) NOT NULL default '',
  `ifpay` tinyint(1) NOT NULL default '0',
  PRIMARY KEY  (`id`)
) ENGINE=MyISAM DEFAULT CHARSET=utf8 AUTO_INCREMENT=1 ;

--
-- 转存表中的数据 `p8_shoporderuser`
--


-- --------------------------------------------------------

--
-- 表的结构 `p8_sort`
--

CREATE TABLE IF NOT EXISTS `p8_sort` (
  `fid` int(10) unsigned NOT NULL auto_increment,
  `fup` int(10) unsigned NOT NULL default '0',
  `fmid` int(10) NOT NULL default '0',
  `name` varchar(50) NOT NULL default '',
  `class` smallint(4) NOT NULL default '0',
  `sons` smallint(4) NOT NULL default '0',
  `type` tinyint(1) NOT NULL default '0',
  `admin` varchar(100) NOT NULL default '',
  `list` int(10) NOT NULL default '0',
  `listorder` tinyint(2) NOT NULL default '0',
  `passwd` varchar(32) NOT NULL default '',
  `logo` varchar(150) NOT NULL default '',
  `descrip` text NOT NULL,
  `style` varchar(50) NOT NULL default '',
  `template` text NOT NULL,
  `jumpurl` varchar(150) NOT NULL default '',
  `maxperpage` tinyint(3) NOT NULL default '0',
  `metakeywords` varchar(255) NOT NULL default '',
  `metadescription` varchar(255) NOT NULL default '',
  `allowcomment` tinyint(1) NOT NULL default '0',
  `allowpost` varchar(150) NOT NULL default '',
  `allowviewtitle` varchar(150) NOT NULL default '',
  `allowviewcontent` varchar(150) NOT NULL default '',
  `allowdownload` varchar(150) NOT NULL default '',
  `forbidshow` tinyint(1) NOT NULL default '0',
  `config` text NOT NULL,
  `list_html` varchar(255) NOT NULL default '',
  `bencandy_html` varchar(255) NOT NULL default '',
  `domain` varchar(150) NOT NULL default '',
  `domain_dir` varchar(100) NOT NULL default '',
  PRIMARY KEY  (`fid`),
  KEY `fup` (`fup`),
  KEY `fmid` (`fmid`)
) ENGINE=MyISAM DEFAULT CHARSET=utf8 AUTO_INCREMENT=1 ;

--
-- 转存表中的数据 `p8_sort`
--


-- --------------------------------------------------------

--
-- 表的结构 `p8_special`
--

CREATE TABLE IF NOT EXISTS `p8_special` (
  `id` mediumint(7) NOT NULL auto_increment,
  `fid` mediumint(7) NOT NULL default '0',
  `title` varchar(150) NOT NULL default '',
  `titlecolor` varchar(15) NOT NULL default '',
  `keywords` varchar(100) NOT NULL default '',
  `style` varchar(25) NOT NULL default '',
  `template` varchar(255) NOT NULL default '',
  `picurl` varchar(150) NOT NULL default '',
  `content` mediumtext NOT NULL,
  `aids` text NOT NULL,
  `tids` text NOT NULL,
  `jumpurl` varchar(150) NOT NULL default '',
  `target` tinyint(1) NOT NULL default '0',
  `uid` mediumint(7) NOT NULL default '0',
  `username` varchar(50) NOT NULL default '',
  `posttime` int(10) NOT NULL default '0',
  `list` int(10) NOT NULL default '0',
  `hits` mediumint(7) NOT NULL default '0',
  `lastview` int(10) NOT NULL default '0',
  `levels` tinyint(1) NOT NULL default '0',
  `levelstime` int(10) NOT NULL default '0',
  `htmlfile` varchar(50) NOT NULL default '',
  `banner` varchar(150) NOT NULL default '',
  `allowpost` varchar(255) NOT NULL default '',
  `ifbase` tinyint(1) NOT NULL default '0',
  `htmlname` varchar(80) NOT NULL default '',
  `yz` tinyint(1) NOT NULL default '0',
  PRIMARY KEY  (`id`),
  KEY `fid` (`fid`),
  KEY `ifbase` (`ifbase`),
  KEY `yz` (`yz`)
) ENGINE=MyISAM DEFAULT CHARSET=utf8 AUTO_INCREMENT=1 ;

--
-- 转存表中的数据 `p8_special`
--


-- --------------------------------------------------------

--
-- 表的结构 `p8_special_comment`
--

CREATE TABLE IF NOT EXISTS `p8_special_comment` (
  `id` mediumint(7) unsigned NOT NULL auto_increment,
  `cid` mediumint(7) unsigned NOT NULL default '0',
  `vid` mediumint(7) NOT NULL default '0',
  `uid` mediumint(7) unsigned NOT NULL default '0',
  `username` varchar(30) NOT NULL default '',
  `posttime` int(10) NOT NULL default '0',
  `content` text NOT NULL,
  `ip` varchar(15) NOT NULL default '',
  `icon` tinyint(3) NOT NULL default '0',
  `yz` tinyint(1) NOT NULL default '0',
  PRIMARY KEY  (`id`),
  KEY `aid` (`cid`),
  KEY `uid` (`uid`)
) ENGINE=MyISAM DEFAULT CHARSET=utf8 AUTO_INCREMENT=1 ;

--
-- 转存表中的数据 `p8_special_comment`
--


-- --------------------------------------------------------

--
-- 表的结构 `p8_spsort`
--

CREATE TABLE IF NOT EXISTS `p8_spsort` (
  `fid` mediumint(7) unsigned NOT NULL auto_increment,
  `fup` mediumint(7) unsigned NOT NULL default '0',
  `name` varchar(200) NOT NULL default '',
  `class` smallint(4) NOT NULL default '0',
  `sons` smallint(4) NOT NULL default '0',
  `type` tinyint(1) NOT NULL default '0',
  `admin` varchar(100) NOT NULL default '',
  `list` int(10) NOT NULL default '0',
  `listorder` tinyint(2) NOT NULL default '0',
  `passwd` varchar(32) NOT NULL default '',
  `logo` varchar(150) NOT NULL default '',
  `descrip` text NOT NULL,
  `style` varchar(50) NOT NULL default '',
  `template` text NOT NULL,
  `jumpurl` varchar(150) NOT NULL default '',
  `maxperpage` tinyint(3) NOT NULL default '0',
  `metakeywords` varchar(255) NOT NULL default '',
  `metadescription` varchar(255) NOT NULL default '',
  `allowcomment` tinyint(1) NOT NULL default '0',
  `allowpost` varchar(150) NOT NULL default '',
  `allowviewtitle` varchar(150) NOT NULL default '',
  `allowviewcontent` varchar(150) NOT NULL default '',
  `allowdownload` varchar(150) NOT NULL default '',
  `forbidshow` tinyint(1) NOT NULL default '0',
  `config` text NOT NULL,
  `list_html` varchar(255) NOT NULL default '',
  `bencandy_html` varchar(255) NOT NULL default '',
  PRIMARY KEY  (`fid`),
  KEY `fup` (`fup`)
) ENGINE=MyISAM DEFAULT CHARSET=utf8 AUTO_INCREMENT=1 ;

--
-- 转存表中的数据 `p8_spsort`
--


-- --------------------------------------------------------

--
-- 表的结构 `p8_template`
--

CREATE TABLE IF NOT EXISTS `p8_template` (
  `id` mediumint(5) NOT NULL auto_increment,
  `name` varchar(50) NOT NULL default '',
  `type` smallint(4) NOT NULL default '0',
  `filepath` varchar(100) NOT NULL default '',
  `descrip` text NOT NULL,
  `list` int(10) NOT NULL default '0',
  PRIMARY KEY  (`id`)
) ENGINE=MyISAM  DEFAULT CHARSET=utf8 AUTO_INCREMENT=25 ;

--
-- 转存表中的数据 `p8_template`
--

INSERT INTO `p8_template` (`id`, `name`, `type`, `filepath`, `descrip`, `list`) VALUES
(5, '头部白板', 7, 'template/default/none.htm', '', 0),
(6, '底部白板', 8, 'template/default/none.htm', '', 0),
(23, '文章列表页(左宽右窄)', 2, 'template/default/list.htm', '', 0),
(22, '内容页(左宽右窄)', 3, 'template/default/bencandy.htm', '', 0),
(24, '主页(左宽右窄)', 1, 'template/default/index.htm', '', 0),
(20, '内容页(上下型)', 3, 'template/default/bencandy_tpl_2.htm', '', 0),
(21, '独立页', 9, 'template/default/alonepage.htm', '', 0);

-- --------------------------------------------------------

--
-- 表的结构 `p8_template_bak`
--

CREATE TABLE IF NOT EXISTS `p8_template_bak` (
  `bid` int(7) NOT NULL auto_increment,
  `id` int(7) NOT NULL default '0',
  `posttime` int(10) NOT NULL default '0',
  `code` text NOT NULL,
  PRIMARY KEY  (`bid`),
  KEY `id` (`id`)
) ENGINE=MyISAM DEFAULT CHARSET=utf8 AUTO_INCREMENT=1 ;

--
-- 转存表中的数据 `p8_template_bak`
--


-- --------------------------------------------------------

--
-- 表的结构 `p8_upfile`
--

CREATE TABLE IF NOT EXISTS `p8_upfile` (
  `up_id` mediumint(7) NOT NULL auto_increment,
  `module_id` smallint(4) NOT NULL default '0',
  `ids` varchar(255) NOT NULL default '0',
  `fid` mediumint(7) NOT NULL default '0',
  `uid` mediumint(7) NOT NULL default '0',
  `posttime` int(10) NOT NULL default '0',
  `url` varchar(150) NOT NULL default '',
  `filename` varchar(100) NOT NULL default '',
  `num` smallint(5) NOT NULL default '0',
  `if_tmp` tinyint(1) NOT NULL default '0',
  PRIMARY KEY  (`up_id`),
  KEY `filename` (`filename`),
  KEY `if_tmp` (`if_tmp`),
  KEY `posttime` (`posttime`)
) ENGINE=MyISAM DEFAULT CHARSET=utf8 AUTO_INCREMENT=1 ;

--
-- 转存表中的数据 `p8_upfile`
--


-- --------------------------------------------------------

--
-- 表的结构 `p8_vote`
--

CREATE TABLE IF NOT EXISTS `p8_vote` (
  `id` int(7) NOT NULL auto_increment,
  `cid` int(7) NOT NULL default '0',
  `title` varchar(50) NOT NULL default '',
  `votenum` int(7) NOT NULL default '0',
  `list` int(10) NOT NULL default '0',
  `img` varchar(100) NOT NULL default '',
  `describes` varchar(255) NOT NULL default '',
  `url` varchar(100) NOT NULL default '',
  PRIMARY KEY  (`id`)
) ENGINE=MyISAM DEFAULT CHARSET=utf8 AUTO_INCREMENT=1 ;

--
-- 转存表中的数据 `p8_vote`
--


-- --------------------------------------------------------

--
-- 表的结构 `p8_vote_comment`
--

CREATE TABLE IF NOT EXISTS `p8_vote_comment` (
  `id` mediumint(7) unsigned NOT NULL auto_increment,
  `cid` mediumint(7) unsigned NOT NULL default '0',
  `vid` mediumint(7) NOT NULL default '0',
  `uid` mediumint(7) unsigned NOT NULL default '0',
  `username` varchar(30) NOT NULL default '',
  `posttime` int(10) NOT NULL default '0',
  `content` text NOT NULL,
  `ip` varchar(15) NOT NULL default '',
  `icon` tinyint(3) NOT NULL default '0',
  `yz` tinyint(1) NOT NULL default '0',
  PRIMARY KEY  (`id`),
  KEY `aid` (`cid`),
  KEY `uid` (`uid`)
) ENGINE=MyISAM DEFAULT CHARSET=utf8 AUTO_INCREMENT=1 ;

--
-- 转存表中的数据 `p8_vote_comment`
--


-- --------------------------------------------------------

--
-- 表的结构 `p8_vote_config`
--

CREATE TABLE IF NOT EXISTS `p8_vote_config` (
  `cid` int(7) NOT NULL auto_increment,
  `name` varchar(50) NOT NULL default '',
  `about` text NOT NULL,
  `type` tinyint(4) NOT NULL default '0',
  `limittime` int(10) NOT NULL default '0',
  `limitip` tinyint(1) NOT NULL default '0',
  `ip` text NOT NULL,
  `posttime` int(10) NOT NULL default '0',
  `user` text NOT NULL,
  `begintime` int(10) NOT NULL default '0',
  `endtime` int(10) NOT NULL default '0',
  `forbidguestvote` tinyint(1) NOT NULL default '0',
  `ifcomment` tinyint(1) NOT NULL default '0',
  `tplcode` text NOT NULL,
  `votetype` tinyint(2) NOT NULL default '0',
  `aid` mediumint(7) NOT NULL default '0',
  `uid` mediumint(7) NOT NULL default '0',
  PRIMARY KEY  (`cid`)
) ENGINE=MyISAM DEFAULT CHARSET=utf8 AUTO_INCREMENT=1 ;

--
-- 转存表中的数据 `p8_vote_config`
--

